skill;0;1;2;3;4;5;6;7;8;10;cluster_id;mean_importance
.net 8;0.0;0.0;0.0;0.021352313167259787;0.0;0.007936507936507936;0.05405405405405406;0.0;0.25;0.5;0;0.08333428751578217
k8s;0.0;0.0;0.0;0.017793594306049824;0.1935483870967742;0.031746031746031744;0.05405405405405406;0.0;0.0;0.5;0;0.07971420672029098
elk;0.0;0.0;0.021739130434782608;0.028469750889679714;0.0967741935483871;0.031746031746031744;0.0;0.0;0.0;0.5;0;0.06787291066188812
camunda;0.0;0.022222222222222223;0.0;0.0071174377224199285;0.06451612903225806;0.023809523809523808;0.0;0.0;0.5;0.0;0;0.0617665312786424
rabbit mq;0.0;0.0;0.0;0.010676156583629894;0.06451612903225806;0.007936507936507936;0.0;0.0;0.5;0.0;0;0.058312879355239586
angularjs;0.0;0.0;0.0;0.0;0.06451612903225806;0.0;0.0;0.0;0.0;0.5;0;0.0564516129032258
service fabric;0.0;0.0;0.0;0.0;0.06451612903225806;0.0;0.0;0.0;0.0;0.5;0;0.0564516129032258
zabbix;0.0;0.022222222222222223;0.0;0.017793594306049824;0.0;0.007936507936507936;0.0;0.0;0.0;0.5;0;0.05479523244647799
winforms;0.125;0.06666666666666667;0.0;0.03558718861209965;0.0;0.023809523809523808;0.0;0.0;0.25;0.0;0;0.05010633790882901
dapper;0.125;0.044444444444444446;0.021739130434782608;0.03914590747330961;0.0967741935483871;0.023809523809523808;0.13513513513513514;0.0;0.0;0.0;0;0.04860483348455827
clickhouse;0.0;0.0;0.06521739130434782;0.06761565836298933;0.06451612903225806;0.07142857142857142;0.16216216216216217;0.0;0.0;0.0;0;0.04309399122903288
asp.net mvc;0.375;0.022222222222222223;0.0;0.017793594306049824;0.0;0.015873015873015872;0.0;0.0;0.0;0.0;0;0.043088883240128786
bootstrap;0.25;0.044444444444444446;0.0;0.0071174377224199285;0.0;0.0;0.05405405405405406;0.0;0.0;0.0;0;0.03556159362209184
ci/cd;0.125;0.022222222222222223;0.021739130434782608;0.0711743772241993;0.03225806451612903;0.05555555555555555;0.02702702702702703;0.0;0.0;0.0;0;0.03549763769799157
agile;0.0;0.022222222222222223;0.043478260869565216;0.046263345195729534;0.03225806451612903;0.047619047619047616;0.16216216216216217;0.0;0.0;0.0;0;0.03540031025848558
jquery;0.25;0.06666666666666667;0.0;0.02491103202846975;0.0;0.007936507936507936;0.0;0.0;0.0;0.0;0;0.03495142066316444
grafana;0.0;0.022222222222222223;0.043478260869565216;0.06405693950177936;0.0967741935483871;0.1111111111111111;0.0;0.0;0.0;0.0;0;0.0337642727253065
rest api;0.125;0.022222222222222223;0.08695652173913043;0.03202846975088968;0.0;0.07142857142857142;0.0;0.0;0.0;0.0;0;0.03376357851408137
distributed systems;0.0;0.0;0.021739130434782608;0.0035587188612099642;0.0;0.031746031746031744;0.02702702702702703;0.0;0.25;0.0;0;0.03340709080690514
prometheus;0.0;0.044444444444444446;0.043478260869565216;0.06405693950177936;0.0967741935483871;0.07936507936507936;0.0;0.0;0.0;0.0;0;0.03281189177292555
linux;0.0;0.022222222222222223;0.06521739130434782;0.06761565836298933;0.0;0.05555555555555555;0.10810810810810811;0.0;0.0;0.0;0;0.03187189355532231
scrum;0.0;0.0;0.043478260869565216;0.02491103202846975;0.03225806451612903;0.015873015873015872;0.1891891891891892;0.0;0.0;0.0;0;0.030570956247636904
asp.net;0.0;0.08888888888888889;0.06521739130434782;0.046263345195729534;0.0;0.023809523809523808;0.08108108108108109;0.0;0.0;0.0;0;0.030526023027957115
grpc;0.0;0.0;0.0;0.0711743772241993;0.0967741935483871;0.07936507936507936;0.05405405405405406;0.0;0.0;0.0;0;0.030136770419171982
mongodb;0.0;0.0;0.06521739130434782;0.06405693950177936;0.12903225806451613;0.03968253968253968;0.0;0.0;0.0;0.0;0;0.029798912855318292
nunit;0.0;0.044444444444444446;0.0;0.028469750889679714;0.0;0.0;0.05405405405405406;0.16666666666666666;0.0;0.0;0;0.029363491605484487
gitlab ci;0.0;0.0;0.0;0.03202846975088968;0.0;0.03968253968253968;0.05405405405405406;0.16666666666666666;0.0;0.0;0;0.029243173015415007
xunit;0.0;0.022222222222222223;0.10869565217391304;0.06405693950177936;0.0;0.007936507936507936;0.08108108108108109;0.0;0.0;0.0;0;0.028399240291550366
soa;0.0;0.0;0.0;0.014234875444839857;0.0;0.007936507936507936;0.0;0.0;0.25;0.0;0;0.02721713833813478
airflow;0.0;0.0;0.0;0.0035587188612099642;0.0;0.007936507936507936;0.0;0.0;0.25;0.0;0;0.026149522679771792
artificial intelligence;0.0;0.0;0.0;0.0071174377224199285;0.0;0.0;0.0;0.0;0.25;0.0;0;0.02571174377224199
big data;0.0;0.0;0.0;0.0035587188612099642;0.0;0.0;0.0;0.0;0.25;0.0;0;0.025355871886120995
machine learning;0.0;0.0;0.0;0.0035587188612099642;0.0;0.0;0.0;0.0;0.25;0.0;0;0.025355871886120995
jira;0.0;0.022222222222222223;0.021739130434782608;0.014234875444839857;0.0;0.031746031746031744;0.16216216216216217;0.0;0.0;0.0;0;0.02521044220100386
clean architecture;0.125;0.0;0.021739130434782608;0.021352313167259787;0.03225806451612903;0.023809523809523808;0.02702702702702703;0.0;0.0;0.0;0;0.025118605895472223
.net framework 4.x;0.0;0.0;0.0;0.0;0.0;0.0;0.0;0.0;0.25;0.0;0;0.025
.net remoting;0.0;0.0;0.0;0.0;0.0;0.0;0.0;0.0;0.25;0.0;0;0.025
cloud computing;0.0;0.0;0.0;0.0;0.0;0.0;0.0;0.0;0.25;0.0;0;0.025
data engineering;0.0;0.0;0.0;0.0;0.0;0.0;0.0;0.0;0.25;0.0;0;0.025
databricks;0.0;0.0;0.0;0.0;0.0;0.0;0.0;0.0;0.25;0.0;0;0.025
dbt;0.0;0.0;0.0;0.0;0.0;0.0;0.0;0.0;0.25;0.0;0;0.025
mlflow;0.0;0.0;0.0;0.0;0.0;0.0;0.0;0.0;0.25;0.0;0;0.025
scala;0.0;0.0;0.0;0.0;0.0;0.0;0.0;0.0;0.25;0.0;0;0.025
spark;0.0;0.0;0.0;0.0;0.0;0.0;0.0;0.0;0.25;0.0;0;0.025
playwright;0.0;0.0;0.06521739130434782;0.010676156583629894;0.0;0.0;0.0;0.16666666666666666;0.0;0.0;0;0.02425602145546444
паттерны проектирования;0.0;0.0;0.043478260869565216;0.0071174377224199285;0.0;0.007936507936507936;0.0;0.16666666666666666;0.0;0.0;0;0.022519887319515975
mssql;0.125;0.0;0.021739130434782608;0.05338078291814947;0.0;0.023809523809523808;0.0;0.0;0.0;0.0;0;0.022392943716245586
devops;0.0;0.022222222222222223;0.021739130434782608;0.046263345195729534;0.0;0.047619047619047616;0.08108108108108109;0.0;0.0;0.0;0;0.02189248265528631
dry;0.125;0.022222222222222223;0.0;0.028469750889679714;0.03225806451612903;0.0;0.0;0.0;0.0;0.0;0;0.020795003762803098
fullstack;0.125;0.044444444444444446;0.021739130434782608;0.0035587188612099642;0.0;0.007936507936507936;0.0;0.0;0.0;0.0;0;0.020267880167694492
sql server;0.0;0.022222222222222223;0.0;0.03558718861209965;0.06451612903225806;0.015873015873015872;0.05405405405405406;0.0;0.0;0.0;0;0.019225260979364986
xml;0.0;0.06666666666666667;0.043478260869565216;0.028469750889679714;0.0;0.023809523809523808;0.02702702702702703;0.0;0.0;0.0;0;0.018945122926246245
tsql;0.0;0.022222222222222223;0.0;0.0;0.0;0.0;0.0;0.16666666666666666;0.0;0.0;0;0.01888888888888889
mysql;0.0;0.022222222222222223;0.0;0.07829181494661921;0.0;0.031746031746031744;0.05405405405405406;0.0;0.0;0.0;0;0.018631412296892726
aws;0.0;0.0;0.0;0.010676156583629894;0.0;0.007936507936507936;0.0;0.16666666666666666;0.0;0.0;0;0.018527933118680447
многопоточность;0.0;0.0;0.0;0.010676156583629894;0.0;0.007936507936507936;0.0;0.16666666666666666;0.0;0.0;0;0.018527933118680447
swagger;0.0;0.022222222222222223;0.021739130434782608;0.03202846975088968;0.06451612903225806;0.015873015873015872;0.02702702702702703;0.0;0.0;0.0;0;0.01834059943401955
микросервисная архитектура;0.0;0.0;0.0;0.0071174377224199285;0.0;0.007936507936507936;0.0;0.16666666666666666;0.0;0.0;0;0.018172061232559454
entityframework;0.125;0.022222222222222223;0.0;0.0071174377224199285;0.0;0.023809523809523808;0.0;0.0;0.0;0.0;0;0.017814918375416596
.net 4.8+;0.125;0.044444444444444446;0.0;0.0035587188612099642;0.0;0.0;0.0;0.0;0.0;0.0;0;0.01730031633056544
api;0.0;0.06666666666666667;0.021739130434782608;0.03202846975088968;0.03225806451612903;0.015873015873015872;0.0;0.0;0.0;0.0;0;0.016856534724148386
eme-l;0.0;0.0;0.0;0.0;0.0;0.0;0.0;0.16666666666666666;0.0;0.0;0;0.016666666666666666
oop;0.0;0.0;0.0;0.0;0.0;0.0;0.0;0.16666666666666666;0.0;0.0;0;0.016666666666666666
saas;0.0;0.0;0.0;0.0;0.0;0.0;0.0;0.16666666666666666;0.0;0.0;0;0.016666666666666666
асинхронные системы;0.0;0.0;0.0;0.0;0.0;0.0;0.0;0.16666666666666666;0.0;0.0;0;0.016666666666666666
высоконагруженная система;0.0;0.0;0.0;0.0;0.0;0.0;0.0;0.16666666666666666;0.0;0.0;0;0.016666666666666666
кэширование;0.0;0.0;0.0;0.0;0.0;0.0;0.0;0.16666666666666666;0.0;0.0;0;0.016666666666666666
очереди сообщений;0.0;0.0;0.0;0.0;0.0;0.0;0.0;0.16666666666666666;0.0;0.0;0;0.016666666666666666
с++;0.0;0.0;0.0;0.0;0.0;0.0;0.0;0.16666666666666666;0.0;0.0;0;0.016666666666666666
react.js;0.125;0.022222222222222223;0.0;0.010676156583629894;0.0;0.007936507936507936;0.0;0.0;0.0;0.0;0;0.016583488674236004
automatization;0.125;0.0;0.021739130434782608;0.0035587188612099642;0.0;0.007936507936507936;0.0;0.0;0.0;0.0;0;0.015823435723250047
oracle;0.0;0.0;0.0;0.0498220640569395;0.0;0.023809523809523808;0.08108108108108109;0.0;0.0;0.0;0;0.01547126689475444
php;0.0;0.022222222222222223;0.06521739130434782;0.042704626334519574;0.0;0.023809523809523808;0.0;0.0;0.0;0.0;0;0.015395376367061345
webapi;0.0;0.0;0.0;0.02491103202846975;0.03225806451612903;0.09523809523809523;0.0;0.0;0.0;0.0;0;0.015240719178269403
ооп;0.0;0.06666666666666667;0.043478260869565216;0.017793594306049824;0.0;0.023809523809523808;0.0;0.0;0.0;0.0;0;0.015174804565180552
tcp;0.125;0.022222222222222223;0.0;0.0035587188612099642;0.0;0.0;0.0;0.0;0.0;0.0;0;0.015078094108343218
soap;0.0;0.0;0.06521739130434782;0.02491103202846975;0.0;0.031746031746031744;0.02702702702702703;0.0;0.0;0.0;0;0.014890148210587633
product development;0.125;0.022222222222222223;0.0;0.0;0.0;0.0;0.0;0.0;0.0;0.0;0;0.014722222222222223
sql субд;0.125;0.022222222222222223;0.0;0.0;0.0;0.0;0.0;0.0;0.0;0.0;0;0.014722222222222223
orm;0.125;0.0;0.0;0.014234875444839857;0.0;0.007936507936507936;0.0;0.0;0.0;0.0;0;0.01471713833813478
rest;0.0;0.0;0.0;0.08540925266903915;0.0;0.031746031746031744;0.02702702702702703;0.0;0.0;0.0;0;0.014418231144209792
nginx;0.0;0.0;0.06521739130434782;0.0035587188612099642;0.06451612903225806;0.0;0.0;0.0;0.0;0.0;0;0.013329223919781585
confluence;0.0;0.0;0.021739130434782608;0.014234875444839857;0.0;0.015873015873015872;0.08108108108108109;0.0;0.0;0.0;0;0.013292810283371943
blender;0.125;0.0;0.0;0.0071174377224199285;0.0;0.0;0.0;0.0;0.0;0.0;0;0.013211743772241994
asp.netcore;0.125;0.0;0.0;0.0035587188612099642;0.0;0.0;0.0;0.0;0.0;0.0;0;0.012855871886120996
ftp;0.125;0.0;0.0;0.0035587188612099642;0.0;0.0;0.0;0.0;0.0;0.0;0;0.012855871886120996
https;0.125;0.0;0.0;0.0035587188612099642;0.0;0.0;0.0;0.0;0.0;0.0;0;0.012855871886120996
scratch;0.125;0.0;0.0;0.0035587188612099642;0.0;0.0;0.0;0.0;0.0;0.0;0;0.012855871886120996
tls;0.125;0.0;0.0;0.0035587188612099642;0.0;0.0;0.0;0.0;0.0;0.0;0;0.012855871886120996
программирование для детей;0.125;0.0;0.0;0.0035587188612099642;0.0;0.0;0.0;0.0;0.0;0.0;0;0.012855871886120996
elasticsearch;0.0;0.0;0.0;0.017793594306049824;0.0;0.05555555555555555;0.05405405405405406;0.0;0.0;0.0;0;0.012740320391565942
businessprocess;0.125;0.0;0.0;0.0;0.0;0.0;0.0;0.0;0.0;0.0;0;0.0125
html/css/javascript;0.125;0.0;0.0;0.0;0.0;0.0;0.0;0.0;0.0;0.0;0;0.0125
knockout js;0.125;0.0;0.0;0.0;0.0;0.0;0.0;0.0;0.0;0.0;0;0.0125
kodu game lab;0.125;0.0;0.0;0.0;0.0;0.0;0.0;0.0;0.0;0.0;0;0.0125
minecraft (computercraftedu);0.125;0.0;0.0;0.0;0.0;0.0;0.0;0.0;0.0;0.0;0;0.0125
roblox studio (lua);0.125;0.0;0.0;0.0;0.0;0.0;0.0;0.0;0.0;0.0;0;0.0125
stencyl;0.125;0.0;0.0;0.0;0.0;0.0;0.0;0.0;0.0;0.0;0;0.0125
thunkable;0.125;0.0;0.0;0.0;0.0;0.0;0.0;0.0;0.0;0.0;0;0.0125
unity (c#);0.125;0.0;0.0;0.0;0.0;0.0;0.0;0.0;0.0;0.0;0;0.0125
unreal engine (blueprints);0.125;0.0;0.0;0.0;0.0;0.0;0.0;0.0;0.0;0.0;0;0.0125
vue js;0.125;0.0;0.0;0.0;0.0;0.0;0.0;0.0;0.0;0.0;0;0.0125
онлайн-образование;0.125;0.0;0.0;0.0;0.0;0.0;0.0;0.0;0.0;0.0;0;0.0125
cloud;0.0;0.022222222222222223;0.0;0.028469750889679714;0.0;0.015873015873015872;0.05405405405405406;0.0;0.0;0.0;0;0.012061904303897187
json;0.0;0.022222222222222223;0.043478260869565216;0.021352313167259787;0.0;0.031746031746031744;0.0;0.0;0.0;0.0;0;0.011879882800507897
cqrs;0.0;0.022222222222222223;0.0;0.021352313167259787;0.0;0.047619047619047616;0.02702702702702703;0.0;0.0;0.0;0;0.011822061003555666
apache kafka;0.0;0.0;0.0;0.03558718861209965;0.0;0.05555555555555555;0.02702702702702703;0.0;0.0;0.0;0;0.011816977119468223
.net 6;0.0;0.0;0.0;0.021352313167259787;0.03225806451612903;0.007936507936507936;0.05405405405405406;0.0;0.0;0.0;0;0.011560093967395081
integration;0.0;0.044444444444444446;0.021739130434782608;0.03202846975088968;0.0;0.015873015873015872;0.0;0.0;0.0;0.0;0;0.011408506050313261
kiss;0.0;0.022222222222222223;0.0;0.021352313167259787;0.03225806451612903;0.007936507936507936;0.02702702702702703;0.0;0.0;0.0;0;0.011079613486914601
ooп;0.0;0.022222222222222223;0.043478260869565216;0.0035587188612099642;0.03225806451612903;0.007936507936507936;0.0;0.0;0.0;0.0;0;0.010945377440563437
opentelemetry;0.0;0.0;0.0;0.0;0.0;0.0;0.10810810810810811;0.0;0.0;0.0;0;0.010810810810810811
event sourcing;0.0;0.0;0.0;0.014234875444839857;0.0;0.06349206349206349;0.02702702702702703;0.0;0.0;0.0;0;0.010475396596393037
blazor;0.0;0.022222222222222223;0.0;0.0035587188612099642;0.0;0.023809523809523808;0.05405405405405406;0.0;0.0;0.0;0;0.010364451894701004
nats;0.0;0.0;0.0;0.010676156583629894;0.06451612903225806;0.015873015873015872;0.0;0.0;0.0;0.0;0;0.009106530148890382
moq;0.0;0.0;0.0;0.028469750889679714;0.0;0.007936507936507936;0.05405405405405406;0.0;0.0;0.0;0;0.00904603128802417
ecs;0.0;0.0;0.0;0.0;0.0;0.007936507936507936;0.08108108108108109;0.0;0.0;0.0;0;0.008901758901758903
lua;0.0;0.022222222222222223;0.043478260869565216;0.0071174377224199285;0.0;0.015873015873015872;0.0;0.0;0.0;0.0;0;0.008869093668722326
ansible;0.0;0.022222222222222223;0.0;0.014234875444839857;0.0;0.023809523809523808;0.02702702702702703;0.0;0.0;0.0;0;0.008729364850361292
mvc;0.0;0.022222222222222223;0.0;0.02491103202846975;0.0;0.03968253968253968;0.0;0.0;0.0;0.0;0;0.008681579393323166
golang;0.0;0.022222222222222223;0.0;0.021352313167259787;0.0;0.015873015873015872;0.02702702702702703;0.0;0.0;0.0;0;0.00864745782895249
gitlab ci/cd;0.0;0.0;0.043478260869565216;0.010676156583629894;0.0;0.031746031746031744;0.0;0.0;0.0;0.0;0;0.008590044919922685
aws s3;0.0;0.0;0.0;0.0035587188612099642;0.0;0.0;0.08108108108108109;0.0;0.0;0.0;0;0.008463979994229105
mediatr;0.0;0.0;0.0;0.0035587188612099642;0.0;0.0;0.08108108108108109;0.0;0.0;0.0;0;0.008463979994229105
azure devops;0.0;0.022222222222222223;0.0;0.02491103202846975;0.0;0.007936507936507936;0.02702702702702703;0.0;0.0;0.0;0;0.008209678921422695
message queues (mq);0.0;0.0;0.0;0.0;0.0;0.0;0.08108108108108109;0.0;0.0;0.0;0;0.008108108108108109
patterns;0.0;0.0;0.0;0.0;0.0;0.0;0.08108108108108109;0.0;0.0;0.0;0;0.008108108108108109
quartz;0.0;0.0;0.0;0.0;0.0;0.0;0.08108108108108109;0.0;0.0;0.0;0;0.008108108108108109
linq2db;0.0;0.0;0.0;0.010676156583629894;0.0;0.015873015873015872;0.05405405405405406;0.0;0.0;0.0;0;0.008060322651069981
.net 6+;0.0;0.0;0.021739130434782608;0.010676156583629894;0.0;0.047619047619047616;0.0;0.0;0.0;0.0;0;0.008003433463746013
masstransit;0.0;0.0;0.021739130434782608;0.017793594306049824;0.0;0.03968253968253968;0.0;0.0;0.0;0.0;0;0.00792152644233721
signalr;0.0;0.0;0.0;0.014234875444839857;0.03225806451612903;0.031746031746031744;0.0;0.0;0.0;0.0;0;0.007823897170700063
scss;0.0;0.044444444444444446;0.021739130434782608;0.0;0.0;0.007936507936507936;0.0;0.0;0.0;0.0;0;0.007412008281573498
bpmsoft;0.0;0.0;0.0;0.0035587188612099642;0.0;0.015873015873015872;0.05405405405405406;0.0;0.0;0.0;0;0.007348578878827989
fintech;0.0;0.0;0.0;0.0035587188612099642;0.0;0.015873015873015872;0.05405405405405406;0.0;0.0;0.0;0;0.007348578878827989
erp;0.0;0.0;0.021739130434782608;0.010676156583629894;0.03225806451612903;0.007936507936507936;0.0;0.0;0.0;0.0;0;0.007260985947104948
vue;0.0;0.022222222222222223;0.021739130434782608;0.010676156583629894;0.0;0.015873015873015872;0.0;0.0;0.0;0.0;0;0.007051052511365061
engineering;0.0;0.06666666666666667;0.0;0.0035587188612099642;0.0;0.0;0.0;0.0;0.0;0.0;0;0.007022538552787663
simulation;0.0;0.06666666666666667;0.0;0.0035587188612099642;0.0;0.0;0.0;0.0;0.0;0.0;0;0.007022538552787663
c/c++;0.0;0.0;0.043478260869565216;0.010676156583629894;0.0;0.015873015873015872;0.0;0.0;0.0;0.0;0;0.007002743332621098
boost;0.0;0.022222222222222223;0.0;0.0071174377224199285;0.03225806451612903;0.007936507936507936;0.0;0.0;0.0;0.0;0;0.006953423239727913
cmake;0.0;0.022222222222222223;0.0;0.0071174377224199285;0.03225806451612903;0.007936507936507936;0.0;0.0;0.0;0.0;0;0.006953423239727913
stl;0.0;0.022222222222222223;0.0;0.0071174377224199285;0.03225806451612903;0.007936507936507936;0.0;0.0;0.0;0.0;0;0.006953423239727913
teamcity;0.0;0.0;0.0;0.021352313167259787;0.03225806451612903;0.015873015873015872;0.0;0.0;0.0;0.0;0;0.006948339355640469
fluentassertions;0.0;0.0;0.0;0.014234875444839857;0.0;0.0;0.05405405405405406;0.0;0.0;0.0;0;0.006828892949889391
nsubstitute;0.0;0.0;0.0;0.014234875444839857;0.0;0.0;0.05405405405405406;0.0;0.0;0.0;0;0.006828892949889391
c#/.net;0.0;0.0;0.0;0.0035587188612099642;0.06451612903225806;0.0;0.0;0.0;0.0;0.0;0;0.006807484789346803
educational;0.0;0.06666666666666667;0.0;0.0;0.0;0.0;0.0;0.0;0.0;0.0;0;0.006666666666666666
apache;0.0;0.0;0.06521739130434782;0.0;0.0;0.0;0.0;0.0;0.0;0.0;0;0.006521739130434782
multithreading;0.0;0.0;0.0;0.02491103202846975;0.03225806451612903;0.007936507936507936;0.0;0.0;0.0;0.0;0;0.006510560448110672
mirror;0.0;0.0;0.0;0.0;0.06451612903225806;0.0;0.0;0.0;0.0;0.0;0;0.0064516129032258064
photon;0.0;0.0;0.0;0.0;0.06451612903225806;0.0;0.0;0.0;0.0;0.0;0;0.0064516129032258064
blockchain;0.0;0.0;0.043478260869565216;0.0035587188612099642;0.0;0.015873015873015872;0.0;0.0;0.0;0.0;0;0.006290999560379105
cocos-2d;0.0;0.0;0.043478260869565216;0.0035587188612099642;0.0;0.015873015873015872;0.0;0.0;0.0;0.0;0;0.006290999560379105
frida;0.0;0.0;0.043478260869565216;0.0035587188612099642;0.0;0.015873015873015872;0.0;0.0;0.0;0.0;0;0.006290999560379105
ghidra;0.0;0.0;0.043478260869565216;0.0035587188612099642;0.0;0.015873015873015872;0.0;0.0;0.0;0.0;0;0.006290999560379105
xposed;0.0;0.0;0.043478260869565216;0.0035587188612099642;0.0;0.015873015873015872;0.0;0.0;0.0;0.0;0;0.006290999560379105
azure service bus;0.0;0.0;0.0;0.0035587188612099642;0.03225806451612903;0.0;0.02702702702702703;0.0;0.0;0.0;0;0.006284381040436602
postman;0.0;0.022222222222222223;0.0;0.03202846975088968;0.0;0.007936507936507936;0.0;0.0;0.0;0.0;0;0.006218719990961984
bpm;0.0;0.0;0.043478260869565216;0.010676156583629894;0.0;0.007936507936507936;0.0;0.0;0.0;0.0;0;0.006209092538970304
kanban;0.0;0.0;0.021739130434782608;0.0;0.03225806451612903;0.007936507936507936;0.0;0.0;0.0;0.0;0;0.0061933702887419576
.net 6-8;0.0;0.0;0.0;0.0071174377224199285;0.0;0.0;0.05405405405405406;0.0;0.0;0.0;0;0.006117149177647398
consul;0.0;0.0;0.021739130434782608;0.0071174377224199285;0.03225806451612903;0.0;0.0;0.0;0.0;0.0;0;0.006111463267333157
nlog;0.0;0.044444444444444446;0.0;0.0071174377224199285;0.0;0.007936507936507936;0.0;0.0;0.0;0.0;0;0.005949839010337231
ooop;0.0;0.0;0.0;0.0;0.03225806451612903;0.0;0.02702702702702703;0.0;0.0;0.0;0;0.005928509154315606
kotlin;0.0;0.0;0.021739130434782608;0.021352313167259787;0.0;0.015873015873015872;0.0;0.0;0.0;0.0;0;0.0058964459475058266
bigquery;0.0;0.0;0.0;0.0035587188612099642;0.0;0.0;0.05405405405405406;0.0;0.0;0.0;0;0.005761277291526402
dynamodb;0.0;0.0;0.0;0.0035587188612099642;0.0;0.0;0.05405405405405406;0.0;0.0;0.0;0;0.005761277291526402
razor pages;0.0;0.0;0.0;0.0035587188612099642;0.0;0.0;0.05405405405405406;0.0;0.0;0.0;0;0.005761277291526402
uml;0.0;0.022222222222222223;0.0;0.0;0.0;0.007936507936507936;0.02702702702702703;0.0;0.0;0.0;0;0.005718575718575719
wcf;0.0;0.0;0.0;0.021352313167259787;0.0;0.007936507936507936;0.02702702702702703;0.0;0.0;0.0;0;0.0056315848130794755
docker swarm;0.0;0.044444444444444446;0.0;0.0035587188612099642;0.0;0.007936507936507936;0.0;0.0;0.0;0.0;0;0.0055939671242162346
terraform;0.0;0.022222222222222223;0.0;0.017793594306049824;0.0;0.015873015873015872;0.0;0.0;0.0;0.0;0;0.005588883240128792
github actions;0.0;0.0;0.0;0.0071174377224199285;0.03225806451612903;0.015873015873015872;0.0;0.0;0.0;0.0;0;0.005524851811156483
шаблоны проектирования;0.0;0.044444444444444446;0.0;0.010676156583629894;0.0;0.0;0.0;0.0;0.0;0.0;0;0.005512060102807434
openxr;0.0;0.022222222222222223;0.0;0.0;0.03225806451612903;0.0;0.0;0.0;0.0;0.0;0;0.0054480286738351254
tdd;0.0;0.0;0.0;0.0035587188612099642;0.0;0.023809523809523808;0.02702702702702703;0.0;0.0;0.0;0;0.005439526969776081
crm;0.0;0.0;0.043478260869565216;0.010676156583629894;0.0;0.0;0.0;0.0;0.0;0.0;0;0.005415441745319511
bpm-платформа;0.0;0.0;0.0;0.0;0.0;0.0;0.05405405405405406;0.0;0.0;0.0;0;0.005405405405405406
crm-система;0.0;0.0;0.0;0.0;0.0;0.0;0.05405405405405406;0.0;0.0;0.0;0;0.005405405405405406
performance optimization;0.0;0.0;0.021739130434782608;0.0;0.03225806451612903;0.0;0.0;0.0;0.0;0.0;0;0.005399719495091164
web3;0.0;0.0;0.021739130434782608;0.0;0.03225806451612903;0.0;0.0;0.0;0.0;0.0;0;0.005399719495091164
bpmn;0.0;0.044444444444444446;0.0;0.0;0.0;0.007936507936507936;0.0;0.0;0.0;0.0;0;0.005238095238095238
devexpress;0.0;0.022222222222222223;0.0;0.014234875444839857;0.0;0.015873015873015872;0.0;0.0;0.0;0.0;0;0.005233011354007795
selenium webdriver;0.0;0.0;0.043478260869565216;0.0;0.0;0.007936507936507936;0.0;0.0;0.0;0.0;0;0.005141476880607315
shader graph;0.0;0.022222222222222223;0.021739130434782608;0.0071174377224199285;0.0;0.0;0.0;0.0;0.0;0.0;0;0.0051078790379424765
opencv;0.0;0.022222222222222223;0.0;0.0;0.0;0.0;0.02702702702702703;0.0;0.0;0.0;0;0.0049249249249249255
relational databases;0.0;0.0;0.0;0.0;0.03225806451612903;0.015873015873015872;0.0;0.0;0.0;0.0;0;0.0048131080389144905
xaml;0.0;0.044444444444444446;0.0;0.0035587188612099642;0.0;0.0;0.0;0.0;0.0;0.0;0;0.004800316330565441
mobx;0.0;0.022222222222222223;0.0;0.017793594306049824;0.0;0.007936507936507936;0.0;0.0;0.0;0.0;0;0.004795232446477999
opensearch;0.0;0.022222222222222223;0.0;0.017793594306049824;0.0;0.007936507936507936;0.0;0.0;0.0;0.0;0;0.004795232446477999
websockets;0.0;0.022222222222222223;0.0;0.017793594306049824;0.0;0.007936507936507936;0.0;0.0;0.0;0.0;0;0.004795232446477999
elk stack;0.0;0.0;0.0;0.0;0.0;0.047619047619047616;0.0;0.0;0.0;0.0;0;0.0047619047619047615
babel;0.0;0.022222222222222223;0.021739130434782608;0.0035587188612099642;0.0;0.0;0.0;0.0;0.0;0.0;0;0.00475200715182148
figma;0.0;0.022222222222222223;0.021739130434782608;0.0035587188612099642;0.0;0.0;0.0;0.0;0.0;0.0;0;0.00475200715182148
webpack;0.0;0.022222222222222223;0.021739130434782608;0.0035587188612099642;0.0;0.0;0.0;0.0;0.0;0.0;0;0.00475200715182148
unitask;0.0;0.022222222222222223;0.0;0.0071174377224199285;0.0;0.015873015873015872;0.0;0.0;0.0;0.0;0;0.004521267581765803
zenject;0.0;0.022222222222222223;0.0;0.0071174377224199285;0.0;0.015873015873015872;0.0;0.0;0.0;0.0;0;0.004521267581765803
mvvm;0.0;0.022222222222222223;0.0;0.014234875444839857;0.0;0.007936507936507936;0.0;0.0;0.0;0.0;0;0.004439360560357002
code review;0.0;0.022222222222222223;0.021739130434782608;0.0;0.0;0.0;0.0;0.0;0.0;0.0;0;0.004396135265700483
анимации;0.0;0.022222222222222223;0.021739130434782608;0.0;0.0;0.0;0.0;0.0;0.0;0.0;0;0.004396135265700483
физика;0.0;0.022222222222222223;0.021739130434782608;0.0;0.0;0.0;0.0;0.0;0.0;0.0;0;0.004396135265700483
.net standard;0.0;0.0;0.043478260869565216;0.0;0.0;0.0;0.0;0.0;0.0;0.0;0;0.004347826086956522
api тесты;0.0;0.0;0.043478260869565216;0.0;0.0;0.0;0.0;0.0;0.0;0.0;0;0.004347826086956522
mvc/asp.net core;0.0;0.0;0.043478260869565216;0.0;0.0;0.0;0.0;0.0;0.0;0.0;0;0.004347826086956522
ui тестирование;0.0;0.0;0.043478260869565216;0.0;0.0;0.0;0.0;0.0;0.0;0.0;0;0.004347826086956522
helm;0.0;0.0;0.0;0.0071174377224199285;0.0;0.007936507936507936;0.02702702702702703;0.0;0.0;0.0;0;0.004208097268595489
unirx;0.0;0.022222222222222223;0.0;0.0035587188612099642;0.0;0.015873015873015872;0.0;0.0;0.0;0.0;0;0.004165395695644806
http;0.0;0.0;0.0;0.014234875444839857;0.0;0.0;0.02702702702702703;0.0;0.0;0.0;0;0.004126190247186688
ida;0.0;0.0;0.021739130434782608;0.0035587188612099642;0.0;0.015873015873015872;0.0;0.0;0.0;0.0;0;0.004117086516900845
mitm;0.0;0.0;0.021739130434782608;0.0035587188612099642;0.0;0.015873015873015872;0.0;0.0;0.0;0.0;0;0.004117086516900845
proxy;0.0;0.0;0.021739130434782608;0.0035587188612099642;0.0;0.015873015873015872;0.0;0.0;0.0;0.0;0;0.004117086516900845
ssl;0.0;0.0;0.021739130434782608;0.0035587188612099642;0.0;0.015873015873015872;0.0;0.0;0.0;0.0;0;0.004117086516900845
x64dbg;0.0;0.0;0.021739130434782608;0.0035587188612099642;0.0;0.015873015873015872;0.0;0.0;0.0;0.0;0;0.004117086516900845
yagni;0.0;0.022222222222222223;0.0;0.010676156583629894;0.0;0.007936507936507936;0.0;0.0;0.0;0.0;0;0.004083488674236005
pytest;0.0;0.0;0.021739130434782608;0.010676156583629894;0.0;0.007936507936507936;0.0;0.0;0.0;0.0;0;0.004035179495492044
low-latency;0.0;0.0;0.0;0.0;0.0;0.03968253968253968;0.0;0.0;0.0;0.0;0;0.003968253968253968
selenium;0.0;0.0;0.021739130434782608;0.017793594306049824;0.0;0.0;0.0;0.0;0.0;0.0;0;0.003953272474083243
.net core 3.1;0.0;0.0;0.0;0.0071174377224199285;0.03225806451612903;0.0;0.0;0.0;0.0;0.0;0;0.003937550223854896
tcp/ip;0.0;0.0;0.0;0.0035587188612099642;0.0;0.007936507936507936;0.02702702702702703;0.0;0.0;0.0;0;0.003852225382474493
html5;0.0;0.022222222222222223;0.0;0.0;0.0;0.015873015873015872;0.0;0.0;0.0;0.0;0;0.00380952380952381
laravel;0.0;0.022222222222222223;0.0;0.0;0.0;0.015873015873015872;0.0;0.0;0.0;0.0;0;0.00380952380952381
bash;0.0;0.0;0.0;0.014234875444839857;0.0;0.023809523809523808;0.0;0.0;0.0;0.0;0;0.003804439925436366
azure;0.0;0.0;0.0;0.010676156583629894;0.0;0.0;0.02702702702702703;0.0;0.0;0.0;0;0.003770318361065692
powershell;0.0;0.0;0.0;0.010676156583629894;0.0;0.0;0.02702702702702703;0.0;0.0;0.0;0;0.003770318361065692
automapper;0.0;0.022222222222222223;0.0;0.0071174377224199285;0.0;0.007936507936507936;0.0;0.0;0.0;0.0;0;0.003727616788115009
burp suite;0.0;0.0;0.021739130434782608;0.0071174377224199285;0.0;0.007936507936507936;0.0;0.0;0.0;0.0;0;0.0036793076093710473
rxjs;0.0;0.0;0.021739130434782608;0.0071174377224199285;0.0;0.007936507936507936;0.0;0.0;0.0;0.0;0;0.0036793076093710473
bim;0.0;0.022222222222222223;0.0;0.014234875444839857;0.0;0.0;0.0;0.0;0.0;0.0;0;0.003645709766706208
.net core/.net 6+;0.0;0.0;0.0;0.0035587188612099642;0.03225806451612903;0.0;0.0;0.0;0.0;0.0;0;0.0035816783377339
.net standard 2.1;0.0;0.0;0.0;0.0035587188612099642;0.03225806451612903;0.0;0.0;0.0;0.0;0.0;0;0.0035816783377339
biometrics;0.0;0.0;0.0;0.0035587188612099642;0.03225806451612903;0.0;0.0;0.0;0.0;0.0;0;0.0035816783377339
di/ioc;0.0;0.0;0.0;0.0035587188612099642;0.03225806451612903;0.0;0.0;0.0;0.0;0.0;0;0.0035816783377339
elastic;0.0;0.0;0.0;0.0035587188612099642;0.03225806451612903;0.0;0.0;0.0;0.0;0.0;0;0.0035816783377339
memory profiling;0.0;0.0;0.0;0.0035587188612099642;0.03225806451612903;0.0;0.0;0.0;0.0;0.0;0;0.0035816783377339
nodejs;0.0;0.0;0.0;0.0035587188612099642;0.03225806451612903;0.0;0.0;0.0;0.0;0.0;0;0.0035816783377339
visual studio;0.0;0.0;0.0;0.03558718861209965;0.0;0.0;0.0;0.0;0.0;0.0;0;0.0035587188612099647
html/css;0.0;0.0;0.0;0.0035587188612099642;0.0;0.031746031746031744;0.0;0.0;0.0;0.0;0;0.0035304750607241713
.net 5/6/8;0.0;0.0;0.0;0.0;0.0;0.007936507936507936;0.02702702702702703;0.0;0.0;0.0;0;0.0034963534963534963
influxdb;0.0;0.0;0.0;0.0;0.0;0.007936507936507936;0.02702702702702703;0.0;0.0;0.0;0;0.0034963534963534963
restful;0.0;0.0;0.0;0.0;0.0;0.007936507936507936;0.02702702702702703;0.0;0.0;0.0;0;0.0034963534963534963
closedxml;0.0;0.0;0.0;0.0071174377224199285;0.0;0.0;0.02702702702702703;0.0;0.0;0.0;0;0.0034144464749446954
flutter;0.0;0.0;0.0;0.0071174377224199285;0.0;0.0;0.02702702702702703;0.0;0.0;0.0;0;0.0034144464749446954
avalonia;0.0;0.022222222222222223;0.0;0.0035587188612099642;0.0;0.007936507936507936;0.0;0.0;0.0;0.0;0;0.0033717449019940123
containerization;0.0;0.022222222222222223;0.0;0.0035587188612099642;0.0;0.007936507936507936;0.0;0.0;0.0;0.0;0;0.0033717449019940123
reactjs;0.0;0.022222222222222223;0.0;0.0035587188612099642;0.0;0.007936507936507936;0.0;0.0;0.0;0.0;0;0.0033717449019940123
graylog;0.0;0.0;0.0;0.017793594306049824;0.0;0.015873015873015872;0.0;0.0;0.0;0.0;0;0.0033666610179065694
cryptocurrency;0.0;0.0;0.021739130434782608;0.0035587188612099642;0.0;0.007936507936507936;0.0;0.0;0.0;0.0;0;0.003323435723250051
npm;0.0;0.0;0.021739130434782608;0.0035587188612099642;0.0;0.007936507936507936;0.0;0.0;0.0;0.0;0;0.003323435723250051
ssl pinning;0.0;0.0;0.021739130434782608;0.0035587188612099642;0.0;0.007936507936507936;0.0;0.0;0.0;0.0;0;0.003323435723250051
wireshark;0.0;0.0;0.021739130434782608;0.0035587188612099642;0.0;0.007936507936507936;0.0;0.0;0.0;0.0;0;0.003323435723250051
windows;0.0;0.022222222222222223;0.0;0.010676156583629894;0.0;0.0;0.0;0.0;0.0;0.0;0;0.0032898378805852114
redux;0.0;0.0;0.0;0.02491103202846975;0.0;0.007936507936507936;0.0;0.0;0.0;0.0;0;0.003284753996497769
visual studio code;0.0;0.0;0.021739130434782608;0.010676156583629894;0.0;0.0;0.0;0.0;0.0;0.0;0;0.00324152870184125
.net c#;0.0;0.0;0.0;0.0;0.03225806451612903;0.0;0.0;0.0;0.0;0.0;0;0.0032258064516129032
data migration;0.0;0.0;0.0;0.0;0.03225806451612903;0.0;0.0;0.0;0.0;0.0;0;0.0032258064516129032
database design;0.0;0.0;0.0;0.0;0.03225806451612903;0.0;0.0;0.0;0.0;0.0;0;0.0032258064516129032
database development;0.0;0.0;0.0;0.0;0.03225806451612903;0.0;0.0;0.0;0.0;0.0;0;0.0032258064516129032
dbmigration .net;0.0;0.0;0.0;0.0;0.03225806451612903;0.0;0.0;0.0;0.0;0.0;0;0.0032258064516129032
drone;0.0;0.0;0.0;0.0;0.03225806451612903;0.0;0.0;0.0;0.0;0.0;0;0.0032258064516129032
effector;0.0;0.0;0.0;0.0;0.03225806451612903;0.0;0.0;0.0;0.0;0.0;0;0.0032258064516129032
evolve;0.0;0.0;0.0;0.0;0.03225806451612903;0.0;0.0;0.0;0.0;0.0;0;0.0032258064516129032
fault-tolerant;0.0;0.0;0.0;0.0;0.03225806451612903;0.0;0.0;0.0;0.0;0.0;0;0.0032258064516129032
gamedev;0.0;0.0;0.0;0.0;0.03225806451612903;0.0;0.0;0.0;0.0;0.0;0;0.0032258064516129032
metasdk;0.0;0.0;0.0;0.0;0.03225806451612903;0.0;0.0;0.0;0.0;0.0;0;0.0032258064516129032
mui;0.0;0.0;0.0;0.0;0.03225806451612903;0.0;0.0;0.0;0.0;0.0;0;0.0032258064516129032
nlu/nlp;0.0;0.0;0.0;0.0;0.03225806451612903;0.0;0.0;0.0;0.0;0.0;0;0.0032258064516129032
odf;0.0;0.0;0.0;0.0;0.03225806451612903;0.0;0.0;0.0;0.0;0.0;0;0.0032258064516129032
ooxml;0.0;0.0;0.0;0.0;0.03225806451612903;0.0;0.0;0.0;0.0;0.0;0;0.0032258064516129032
performance profiling;0.0;0.0;0.0;0.0;0.03225806451612903;0.0;0.0;0.0;0.0;0.0;0;0.0032258064516129032
qmake;0.0;0.0;0.0;0.0;0.03225806451612903;0.0;0.0;0.0;0.0;0.0;0;0.0032258064516129032
radis;0.0;0.0;0.0;0.0;0.03225806451612903;0.0;0.0;0.0;0.0;0.0;0;0.0032258064516129032
smart contracts;0.0;0.0;0.0;0.0;0.03225806451612903;0.0;0.0;0.0;0.0;0.0;0;0.0032258064516129032
vr/ar;0.0;0.0;0.0;0.0;0.03225806451612903;0.0;0.0;0.0;0.0;0.0;0;0.0032258064516129032
node.js;0.0;0.0;0.0;0.03202846975088968;0.0;0.0;0.0;0.0;0.0;0.0;0;0.003202846975088968
nosql;0.0;0.0;0.0;0.0;0.0;0.031746031746031744;0.0;0.0;0.0;0.0;0;0.0031746031746031746
event-driven architecture;0.0;0.0;0.0;0.0035587188612099642;0.0;0.0;0.02702702702702703;0.0;0.0;0.0;0;0.003058574588823699
iis;0.0;0.0;0.0;0.0035587188612099642;0.0;0.0;0.02702702702702703;0.0;0.0;0.0;0;0.003058574588823699
protobuf;0.0;0.0;0.0;0.0035587188612099642;0.0;0.0;0.02702702702702703;0.0;0.0;0.0;0;0.003058574588823699
css3;0.0;0.022222222222222223;0.0;0.0;0.0;0.007936507936507936;0.0;0.0;0.0;0.0;0;0.003015873015873016
extjs;0.0;0.022222222222222223;0.0;0.0;0.0;0.007936507936507936;0.0;0.0;0.0;0.0;0;0.003015873015873016
react js;0.0;0.022222222222222223;0.0;0.0;0.0;0.007936507936507936;0.0;0.0;0.0;0.0;0;0.003015873015873016
binary analysis;0.0;0.0;0.021739130434782608;0.0;0.0;0.007936507936507936;0.0;0.0;0.0;0.0;0;0.0029675638371290543
exploitation;0.0;0.0;0.021739130434782608;0.0;0.0;0.007936507936507936;0.0;0.0;0.0;0.0;0;0.0029675638371290543
reversing;0.0;0.0;0.021739130434782608;0.0;0.0;0.007936507936507936;0.0;0.0;0.0;0.0;0;0.0029675638371290543
vulnerability research;0.0;0.0;0.021739130434782608;0.0;0.0;0.007936507936507936;0.0;0.0;0.0;0.0;0;0.0029675638371290543
wireshark/burp suite;0.0;0.0;0.021739130434782608;0.0;0.0;0.007936507936507936;0.0;0.0;0.0;0.0;0;0.0029675638371290543
es6;0.0;0.022222222222222223;0.0;0.0071174377224199285;0.0;0.0;0.0;0.0;0.0;0.0;0;0.002933965994464215
git flow;0.0;0.022222222222222223;0.0;0.0071174377224199285;0.0;0.0;0.0;0.0;0.0;0.0;0;0.002933965994464215
directum rx;0.0;0.0;0.021739130434782608;0.0071174377224199285;0.0;0.0;0.0;0.0;0.0;0.0;0;0.0028856568157202534
github;0.0;0.0;0.021739130434782608;0.0071174377224199285;0.0;0.0;0.0;0.0;0.0;0.0;0;0.0028856568157202534
oo principles;0.0;0.0;0.021739130434782608;0.0071174377224199285;0.0;0.0;0.0;0.0;0.0;0.0;0;0.0028856568157202534
vfx graph;0.0;0.0;0.021739130434782608;0.0071174377224199285;0.0;0.0;0.0;0.0;0.0;0.0;0;0.0028856568157202534
keycloak;0.0;0.0;0.0;0.0035587188612099642;0.0;0.023809523809523808;0.0;0.0;0.0;0.0;0;0.002736824267073377
agile development;0.0;0.0;0.0;0.0;0.0;0.0;0.02702702702702703;0.0;0.0;0.0;0;0.002702702702702703
api gateway;0.0;0.0;0.0;0.0;0.0;0.0;0.02702702702702703;0.0;0.0;0.0;0;0.002702702702702703
azure cloud services (sql server;0.0;0.0;0.0;0.0;0.0;0.0;0.02702702702702703;0.0;0.0;0.0;0;0.002702702702702703
biztalk;0.0;0.0;0.0;0.0;0.0;0.0;0.02702702702702703;0.0;0.0;0.0;0;0.002702702702702703
brower automation;0.0;0.0;0.0;0.0;0.0;0.0;0.02702702702702703;0.0;0.0;0.0;0;0.002702702702702703
chromiumdevtools protocol;0.0;0.0;0.0;0.0;0.0;0.0;0.02702702702702703;0.0;0.0;0.0;0;0.002702702702702703
clr;0.0;0.0;0.0;0.0;0.0;0.0;0.02702702702702703;0.0;0.0;0.0;0;0.002702702702702703
corporate solutions;0.0;0.0;0.0;0.0;0.0;0.0;0.02702702702702703;0.0;0.0;0.0;0;0.002702702702702703
dapper/ef core;0.0;0.0;0.0;0.0;0.0;0.0;0.02702702702702703;0.0;0.0;0.0;0;0.002702702702702703
database integration;0.0;0.0;0.0;0.0;0.0;0.0;0.02702702702702703;0.0;0.0;0.0;0;0.002702702702702703
datenbanken;0.0;0.0;0.0;0.0;0.0;0.0;0.02702702702702703;0.0;0.0;0.0;0;0.002702702702702703
extreme programming;0.0;0.0;0.0;0.0;0.0;0.0;0.02702702702702703;0.0;0.0;0.0;0;0.002702702702702703
full-stack;0.0;0.0;0.0;0.0;0.0;0.0;0.02702702702702703;0.0;0.0;0.0;0;0.002702702702702703
gatling;0.0;0.0;0.0;0.0;0.0;0.0;0.02702702702702703;0.0;0.0;0.0;0;0.002702702702702703
go lang;0.0;0.0;0.0;0.0;0.0;0.0;0.02702702702702703;0.0;0.0;0.0;0;0.002702702702702703
highload services;0.0;0.0;0.0;0.0;0.0;0.0;0.02702702702702703;0.0;0.0;0.0;0;0.002702702702702703
integration solutions;0.0;0.0;0.0;0.0;0.0;0.0;0.02702702702702703;0.0;0.0;0.0;0;0.002702702702702703
intranet web solutions;0.0;0.0;0.0;0.0;0.0;0.0;0.02702702702702703;0.0;0.0;0.0;0;0.002702702702702703
it-architektura;0.0;0.0;0.0;0.0;0.0;0.0;0.02702702702702703;0.0;0.0;0.0;0;0.002702702702702703
jmeter;0.0;0.0;0.0;0.0;0.0;0.0;0.02702702702702703;0.0;0.0;0.0;0;0.002702702702702703
js script analysis;0.0;0.0;0.0;0.0;0.0;0.0;0.02702702702702703;0.0;0.0;0.0;0;0.002702702702702703
kubernetes etc);0.0;0.0;0.0;0.0;0.0;0.0;0.02702702702702703;0.0;0.0;0.0;0;0.002702702702702703
load testing;0.0;0.0;0.0;0.0;0.0;0.0;0.02702702702702703;0.0;0.0;0.0;0;0.002702702702702703
mikroservisnaya arhitektura;0.0;0.0;0.0;0.0;0.0;0.0;0.02702702702702703;0.0;0.0;0.0;0;0.002702702702702703
nvenc;0.0;0.0;0.0;0.0;0.0;0.0;0.02702702702702703;0.0;0.0;0.0;0;0.002702702702702703
openapi;0.0;0.0;0.0;0.0;0.0;0.0;0.02702702702702703;0.0;0.0;0.0;0;0.002702702702702703
openid;0.0;0.0;0.0;0.0;0.0;0.0;0.02702702702702703;0.0;0.0;0.0;0;0.002702702702702703
openxml;0.0;0.0;0.0;0.0;0.0;0.0;0.02702702702702703;0.0;0.0;0.0;0;0.002702702702702703
orchard;0.0;0.0;0.0;0.0;0.0;0.0;0.02702702702702703;0.0;0.0;0.0;0;0.002702702702702703
orchard / orchard core;0.0;0.0;0.0;0.0;0.0;0.0;0.02702702702702703;0.0;0.0;0.0;0;0.002702702702702703
orchard core;0.0;0.0;0.0;0.0;0.0;0.0;0.02702702702702703;0.0;0.0;0.0;0;0.002702702702702703
performance engineering;0.0;0.0;0.0;0.0;0.0;0.0;0.02702702702702703;0.0;0.0;0.0;0;0.002702702702702703
powerbi;0.0;0.0;0.0;0.0;0.0;0.0;0.02702702702702703;0.0;0.0;0.0;0;0.002702702702702703
research;0.0;0.0;0.0;0.0;0.0;0.0;0.02702702702702703;0.0;0.0;0.0;0;0.002702702702702703
reverse engineering;0.0;0.0;0.0;0.0;0.0;0.0;0.02702702702702703;0.0;0.0;0.0;0;0.002702702702702703
service bus;0.0;0.0;0.0;0.0;0.0;0.0;0.02702702702702703;0.0;0.0;0.0;0;0.002702702702702703
team management;0.0;0.0;0.0;0.0;0.0;0.0;0.02702702702702703;0.0;0.0;0.0;0;0.002702702702702703
teamleading;0.0;0.0;0.0;0.0;0.0;0.0;0.02702702702702703;0.0;0.0;0.0;0;0.002702702702702703
valkey;0.0;0.0;0.0;0.0;0.0;0.0;0.02702702702702703;0.0;0.0;0.0;0;0.002702702702702703
процессы автоматизация;0.0;0.0;0.0;0.0;0.0;0.0;0.02702702702702703;0.0;0.0;0.0;0;0.002702702702702703
.net 8.0;0.0;0.022222222222222223;0.0;0.0035587188612099642;0.0;0.0;0.0;0.0;0.0;0.0;0;0.0025780941083432185
emv;0.0;0.022222222222222223;0.0;0.0035587188612099642;0.0;0.0;0.0;0.0;0.0;0.0;0;0.0025780941083432185
entityframework core;0.0;0.022222222222222223;0.0;0.0035587188612099642;0.0;0.0;0.0;0.0;0.0;0.0;0;0.0025780941083432185
full stack development;0.0;0.022222222222222223;0.0;0.0035587188612099642;0.0;0.0;0.0;0.0;0.0;0.0;0;0.0025780941083432185
game development;0.0;0.022222222222222223;0.0;0.0035587188612099642;0.0;0.0;0.0;0.0;0.0;0.0;0;0.0025780941083432185
infrastructure as code;0.0;0.022222222222222223;0.0;0.0035587188612099642;0.0;0.0;0.0;0.0;0.0;0.0;0;0.0025780941083432185
jaeger;0.0;0.022222222222222223;0.0;0.0035587188612099642;0.0;0.0;0.0;0.0;0.0;0.0;0;0.0025780941083432185
ndc;0.0;0.022222222222222223;0.0;0.0035587188612099642;0.0;0.0;0.0;0.0;0.0;0.0;0;0.0025780941083432185
sip;0.0;0.022222222222222223;0.0;0.0035587188612099642;0.0;0.0;0.0;0.0;0.0;0.0;0;0.0025780941083432185
spring boot;0.0;0.022222222222222223;0.0;0.0035587188612099642;0.0;0.0;0.0;0.0;0.0;0.0;0;0.0025780941083432185
transact sql;0.0;0.022222222222222223;0.0;0.0035587188612099642;0.0;0.0;0.0;0.0;0.0;0.0;0;0.0025780941083432185
web development;0.0;0.022222222222222223;0.0;0.0035587188612099642;0.0;0.0;0.0;0.0;0.0;0.0;0;0.0025780941083432185
xfs;0.0;0.022222222222222223;0.0;0.0035587188612099642;0.0;0.0;0.0;0.0;0.0;0.0;0;0.0025780941083432185
allure report;0.0;0.0;0.021739130434782608;0.0035587188612099642;0.0;0.0;0.0;0.0;0.0;0.0;0;0.002529784929599257
animator;0.0;0.0;0.021739130434782608;0.0035587188612099642;0.0;0.0;0.0;0.0;0.0;0.0;0;0.002529784929599257
application security;0.0;0.0;0.021739130434782608;0.0035587188612099642;0.0;0.0;0.0;0.0;0.0;0.0;0;0.002529784929599257
bitbucket;0.0;0.0;0.021739130434782608;0.0035587188612099642;0.0;0.0;0.0;0.0;0.0;0.0;0;0.002529784929599257
data analysis;0.0;0.0;0.021739130434782608;0.0035587188612099642;0.0;0.0;0.0;0.0;0.0;0.0;0;0.002529784929599257
httpx;0.0;0.0;0.021739130434782608;0.0035587188612099642;0.0;0.0;0.0;0.0;0.0;0.0;0;0.002529784929599257
lsposed;0.0;0.0;0.021739130434782608;0.0035587188612099642;0.0;0.0;0.0;0.0;0.0;0.0;0;0.002529784929599257
magisk;0.0;0.0;0.021739130434782608;0.0035587188612099642;0.0;0.0;0.0;0.0;0.0;0.0;0;0.002529784929599257
mes;0.0;0.0;0.021739130434782608;0.0035587188612099642;0.0;0.0;0.0;0.0;0.0;0.0;0;0.002529784929599257
pentest;0.0;0.0;0.021739130434782608;0.0035587188612099642;0.0;0.0;0.0;0.0;0.0;0.0;0;0.002529784929599257
pl/pgsql;0.0;0.0;0.021739130434782608;0.0035587188612099642;0.0;0.0;0.0;0.0;0.0;0.0;0;0.002529784929599257
postgre;0.0;0.0;0.021739130434782608;0.0035587188612099642;0.0;0.0;0.0;0.0;0.0;0.0;0;0.002529784929599257
requests;0.0;0.0;0.021739130434782608;0.0035587188612099642;0.0;0.0;0.0;0.0;0.0;0.0;0;0.002529784929599257
sass;0.0;0.0;0.021739130434782608;0.0035587188612099642;0.0;0.0;0.0;0.0;0.0;0.0;0;0.002529784929599257
sэд/ecm/bpm;0.0;0.0;0.021739130434782608;0.0035587188612099642;0.0;0.0;0.0;0.0;0.0;0.0;0;0.002529784929599257
technical artist;0.0;0.0;0.021739130434782608;0.0035587188612099642;0.0;0.0;0.0;0.0;0.0;0.0;0;0.002529784929599257
technical support;0.0;0.0;0.021739130434782608;0.0035587188612099642;0.0;0.0;0.0;0.0;0.0;0.0;0;0.002529784929599257
wms;0.0;0.0;0.021739130434782608;0.0035587188612099642;0.0;0.0;0.0;0.0;0.0;0.0;0;0.002529784929599257
zephyr;0.0;0.0;0.021739130434782608;0.0035587188612099642;0.0;0.0;0.0;0.0;0.0;0.0;0;0.002529784929599257
.net core 8+;0.0;0.0;0.0;0.0;0.0;0.023809523809523808;0.0;0.0;0.0;0.0;0;0.0023809523809523807
hangfire;0.0;0.0;0.0;0.0;0.0;0.023809523809523808;0.0;0.0;0.0;0.0;0;0.0023809523809523807
seq;0.0;0.0;0.0;0.0;0.0;0.023809523809523808;0.0;0.0;0.0;0.0;0;0.0023809523809523807
.net 5+;0.0;0.0;0.0;0.0071174377224199285;0.0;0.015873015873015872;0.0;0.0;0.0;0.0;0;0.00229904535954358
ext.js;0.0;0.0;0.0;0.0071174377224199285;0.0;0.015873015873015872;0.0;0.0;0.0;0.0;0;0.00229904535954358
http(s);0.0;0.0;0.0;0.0071174377224199285;0.0;0.015873015873015872;0.0;0.0;0.0;0.0;0;0.00229904535954358
.net (.net core);0.0;0.022222222222222223;0.0;0.0;0.0;0.0;0.0;0.0;0.0;0.0;0;0.0022222222222222222
.net 8/9;0.0;0.022222222222222223;0.0;0.0;0.0;0.0;0.0;0.0;0.0;0.0;0;0.0022222222222222222
.net framework 4.5;0.0;0.022222222222222223;0.0;0.0;0.0;0.0;0.0;0.0;0.0;0.0;0;0.0022222222222222222
.net framework 4.8;0.0;0.022222222222222223;0.0;0.0;0.0;0.0;0.0;0.0;0.0;0.0;0;0.0022222222222222222
3d-данные;0.0;0.022222222222222223;0.0;0.0;0.0;0.0;0.0;0.0;0.0;0.0;0;0.0022222222222222222
amazon aws;0.0;0.022222222222222223;0.0;0.0;0.0;0.0;0.0;0.0;0.0;0.0;0;0.0022222222222222222
api банковских шлюзов или платежных провайдеров;0.0;0.022222222222222223;0.0;0.0;0.0;0.0;0.0;0.0;0.0;0.0;0;0.0022222222222222222
apv;0.0;0.022222222222222223;0.0;0.0;0.0;0.0;0.0;0.0;0.0;0.0;0;0.0022222222222222222
aspnet;0.0;0.022222222222222223;0.0;0.0;0.0;0.0;0.0;0.0;0.0;0.0;0;0.0022222222222222222
back-end development;0.0;0.022222222222222223;0.0;0.0;0.0;0.0;0.0;0.0;0.0;0.0;0;0.0022222222222222222
backbone;0.0;0.022222222222222223;0.0;0.0;0.0;0.0;0.0;0.0;0.0;0.0;0;0.0022222222222222222
backgroundservice;0.0;0.022222222222222223;0.0;0.0;0.0;0.0;0.0;0.0;0.0;0.0;0;0.0022222222222222222
bcl;0.0;0.022222222222222223;0.0;0.0;0.0;0.0;0.0;0.0;0.0;0.0;0;0.0022222222222222222
boost tests;0.0;0.022222222222222223;0.0;0.0;0.0;0.0;0.0;0.0;0.0;0.0;0;0.0022222222222222222
bpm-системы;0.0;0.022222222222222223;0.0;0.0;0.0;0.0;0.0;0.0;0.0;0.0;0;0.0022222222222222222
business travel tech;0.0;0.022222222222222223;0.0;0.0;0.0;0.0;0.0;0.0;0.0;0.0;0;0.0022222222222222222
c# (.net);0.0;0.022222222222222223;0.0;0.0;0.0;0.0;0.0;0.0;0.0;0.0;0;0.0022222222222222222
clang;0.0;0.022222222222222223;0.0;0.0;0.0;0.0;0.0;0.0;0.0;0.0;0;0.0022222222222222222
conan;0.0;0.022222222222222223;0.0;0.0;0.0;0.0;0.0;0.0;0.0;0.0;0;0.0022222222222222222
dcmtk;0.0;0.022222222222222223;0.0;0.0;0.0;0.0;0.0;0.0;0.0;0.0;0;0.0022222222222222222
devexpress-components;0.0;0.022222222222222223;0.0;0.0;0.0;0.0;0.0;0.0;0.0;0.0;0;0.0022222222222222222
digital technologies;0.0;0.022222222222222223;0.0;0.0;0.0;0.0;0.0;0.0;0.0;0.0;0;0.0022222222222222222
draw calls;0.0;0.022222222222222223;0.0;0.0;0.0;0.0;0.0;0.0;0.0;0.0;0;0.0022222222222222222
dynamics 365 crm;0.0;0.022222222222222223;0.0;0.0;0.0;0.0;0.0;0.0;0.0;0.0;0;0.0022222222222222222
es7;0.0;0.022222222222222223;0.0;0.0;0.0;0.0;0.0;0.0;0.0;0.0;0;0.0022222222222222222
ffmpeg;0.0;0.022222222222222223;0.0;0.0;0.0;0.0;0.0;0.0;0.0;0.0;0;0.0022222222222222222
framework;0.0;0.022222222222222223;0.0;0.0;0.0;0.0;0.0;0.0;0.0;0.0;0;0.0022222222222222222
front-end technologies;0.0;0.022222222222222223;0.0;0.0;0.0;0.0;0.0;0.0;0.0;0.0;0;0.0022222222222222222
full stack;0.0;0.022222222222222223;0.0;0.0;0.0;0.0;0.0;0.0;0.0;0.0;0;0.0022222222222222222
gcc;0.0;0.022222222222222223;0.0;0.0;0.0;0.0;0.0;0.0;0.0;0.0;0;0.0022222222222222222
gdb server;0.0;0.022222222222222223;0.0;0.0;0.0;0.0;0.0;0.0;0.0;0.0;0;0.0022222222222222222
generics;0.0;0.022222222222222223;0.0;0.0;0.0;0.0;0.0;0.0;0.0;0.0;0;0.0022222222222222222
git actions;0.0;0.022222222222222223;0.0;0.0;0.0;0.0;0.0;0.0;0.0;0.0;0;0.0022222222222222222
google tests;0.0;0.022222222222222223;0.0;0.0;0.0;0.0;0.0;0.0;0.0;0.0;0;0.0022222222222222222
i2c;0.0;0.022222222222222223;0.0;0.0;0.0;0.0;0.0;0.0;0.0;0.0;0;0.0022222222222222222
it projects;0.0;0.022222222222222223;0.0;0.0;0.0;0.0;0.0;0.0;0.0;0.0;0;0.0022222222222222222
it services;0.0;0.022222222222222223;0.0;0.0;0.0;0.0;0.0;0.0;0.0;0.0;0;0.0022222222222222222
kendo ui;0.0;0.022222222222222223;0.0;0.0;0.0;0.0;0.0;0.0;0.0;0.0;0;0.0022222222222222222
less;0.0;0.022222222222222223;0.0;0.0;0.0;0.0;0.0;0.0;0.0;0.0;0;0.0022222222222222222
linq2sql;0.0;0.022222222222222223;0.0;0.0;0.0;0.0;0.0;0.0;0.0;0.0;0;0.0022222222222222222
make/cmake;0.0;0.022222222222222223;0.0;0.0;0.0;0.0;0.0;0.0;0.0;0.0;0;0.0022222222222222222
mfox;0.0;0.022222222222222223;0.0;0.0;0.0;0.0;0.0;0.0;0.0;0.0;0;0.0022222222222222222
microsoft azure;0.0;0.022222222222222223;0.0;0.0;0.0;0.0;0.0;0.0;0.0;0.0;0;0.0022222222222222222
microsoft visual studio;0.0;0.022222222222222223;0.0;0.0;0.0;0.0;0.0;0.0;0.0;0.0;0;0.0022222222222222222
mobile;0.0;0.022222222222222223;0.0;0.0;0.0;0.0;0.0;0.0;0.0;0.0;0;0.0022222222222222222
mobile rts;0.0;0.022222222222222223;0.0;0.0;0.0;0.0;0.0;0.0;0.0;0.0;0;0.0022222222222222222
ms dynamics 365;0.0;0.022222222222222223;0.0;0.0;0.0;0.0;0.0;0.0;0.0;0.0;0;0.0022222222222222222
ms-sql (t-sql);0.0;0.022222222222222223;0.0;0.0;0.0;0.0;0.0;0.0;0.0;0.0;0;0.0022222222222222222
msvc;0.0;0.022222222222222223;0.0;0.0;0.0;0.0;0.0;0.0;0.0;0.0;0;0.0022222222222222222
msvc (visual c++);0.0;0.022222222222222223;0.0;0.0;0.0;0.0;0.0;0.0;0.0;0.0;0;0.0022222222222222222
mv* patterns;0.0;0.022222222222222223;0.0;0.0;0.0;0.0;0.0;0.0;0.0;0.0;0;0.0022222222222222222
network;0.0;0.022222222222222223;0.0;0.0;0.0;0.0;0.0;0.0;0.0;0.0;0;0.0022222222222222222
open cascade;0.0;0.022222222222222223;0.0;0.0;0.0;0.0;0.0;0.0;0.0;0.0;0;0.0022222222222222222
opensearch dashboards;0.0;0.022222222222222223;0.0;0.0;0.0;0.0;0.0;0.0;0.0;0.0;0;0.0022222222222222222
opentracing;0.0;0.022222222222222223;0.0;0.0;0.0;0.0;0.0;0.0;0.0;0.0;0;0.0022222222222222222
pcvr;0.0;0.022222222222222223;0.0;0.0;0.0;0.0;0.0;0.0;0.0;0.0;0;0.0022222222222222222
profiler;0.0;0.022222222222222223;0.0;0.0;0.0;0.0;0.0;0.0;0.0;0.0;0;0.0022222222222222222
rtcp;0.0;0.022222222222222223;0.0;0.0;0.0;0.0;0.0;0.0;0.0;0.0;0;0.0022222222222222222
rtp;0.0;0.022222222222222223;0.0;0.0;0.0;0.0;0.0;0.0;0.0;0.0;0;0.0022222222222222222
rts;0.0;0.022222222222222223;0.0;0.0;0.0;0.0;0.0;0.0;0.0;0.0;0;0.0022222222222222222
semantic;0.0;0.022222222222222223;0.0;0.0;0.0;0.0;0.0;0.0;0.0;0.0;0;0.0022222222222222222
software development;0.0;0.022222222222222223;0.0;0.0;0.0;0.0;0.0;0.0;0.0;0.0;0;0.0022222222222222222
spi;0.0;0.022222222222222223;0.0;0.0;0.0;0.0;0.0;0.0;0.0;0.0;0;0.0022222222222222222
sql/nosql;0.0;0.022222222222222223;0.0;0.0;0.0;0.0;0.0;0.0;0.0;0.0;0;0.0022222222222222222
ssrs reports;0.0;0.022222222222222223;0.0;0.0;0.0;0.0;0.0;0.0;0.0;0.0;0;0.0022222222222222222
technical artist/developer;0.0;0.022222222222222223;0.0;0.0;0.0;0.0;0.0;0.0;0.0;0.0;0;0.0022222222222222222
thrift;0.0;0.022222222222222223;0.0;0.0;0.0;0.0;0.0;0.0;0.0;0.0;0;0.0022222222222222222
uart/usart;0.0;0.022222222222222223;0.0;0.0;0.0;0.0;0.0;0.0;0.0;0.0;0;0.0022222222222222222
unit-тесты;0.0;0.022222222222222223;0.0;0.0;0.0;0.0;0.0;0.0;0.0;0.0;0;0.0022222222222222222
unity developer;0.0;0.022222222222222223;0.0;0.0;0.0;0.0;0.0;0.0;0.0;0.0;0;0.0022222222222222222
usb;0.0;0.022222222222222223;0.0;0.0;0.0;0.0;0.0;0.0;0.0;0.0;0;0.0022222222222222222
vbs;0.0;0.022222222222222223;0.0;0.0;0.0;0.0;0.0;0.0;0.0;0.0;0;0.0022222222222222222
vscode;0.0;0.022222222222222223;0.0;0.0;0.0;0.0;0.0;0.0;0.0;0.0;0;0.0022222222222222222
webrtc;0.0;0.022222222222222223;0.0;0.0;0.0;0.0;0.0;0.0;0.0;0.0;0;0.0022222222222222222
windows forms;0.0;0.022222222222222223;0.0;0.0;0.0;0.0;0.0;0.0;0.0;0.0;0;0.0022222222222222222
winui;0.0;0.022222222222222223;0.0;0.0;0.0;0.0;0.0;0.0;0.0;0.0;0;0.0022222222222222222
беспроводные интерфейсы;0.0;0.022222222222222223;0.0;0.0;0.0;0.0;0.0;0.0;0.0;0.0;0;0.0022222222222222222
встраиваемые системы;0.0;0.022222222222222223;0.0;0.0;0.0;0.0;0.0;0.0;0.0;0.0;0;0.0022222222222222222
данные pmi;0.0;0.022222222222222223;0.0;0.0;0.0;0.0;0.0;0.0;0.0;0.0;0;0.0022222222222222222
запекание;0.0;0.022222222222222223;0.0;0.0;0.0;0.0;0.0;0.0;0.0;0.0;0;0.0022222222222222222
звук;0.0;0.022222222222222223;0.0;0.0;0.0;0.0;0.0;0.0;0.0;0.0;0;0.0022222222222222222
интеграция программных продуктов;0.0;0.022222222222222223;0.0;0.0;0.0;0.0;0.0;0.0;0.0;0.0;0;0.0022222222222222222
коммерческое по;0.0;0.022222222222222223;0.0;0.0;0.0;0.0;0.0;0.0;0.0;0.0;0;0.0022222222222222222
криптографическая защита информации;0.0;0.022222222222222223;0.0;0.0;0.0;0.0;0.0;0.0;0.0;0.0;0;0.0022222222222222222
микроконтроллеры;0.0;0.022222222222222223;0.0;0.0;0.0;0.0;0.0;0.0;0.0;0.0;0;0.0022222222222222222
микроконтроллеры stm32 и аналоги;0.0;0.022222222222222223;0.0;0.0;0.0;0.0;0.0;0.0;0.0;0.0;0;0.0022222222222222222
освещение;0.0;0.022222222222222223;0.0;0.0;0.0;0.0;0.0;0.0;0.0;0.0;0;0.0022222222222222222
память;0.0;0.022222222222222223;0.0;0.0;0.0;0.0;0.0;0.0;0.0;0.0;0;0.0022222222222222222
полигональные сетки;0.0;0.022222222222222223;0.0;0.0;0.0;0.0;0.0;0.0;0.0;0.0;0;0.0022222222222222222
с++ применительно к разработке встраиваемых систем;0.0;0.022222222222222223;0.0;0.0;0.0;0.0;0.0;0.0;0.0;0.0;0;0.0022222222222222222
самостоятельность;0.0;0.022222222222222223;0.0;0.0;0.0;0.0;0.0;0.0;0.0;0.0;0;0.0022222222222222222
системы контроля версий git/svn;0.0;0.022222222222222223;0.0;0.0;0.0;0.0;0.0;0.0;0.0;0.0;0;0.0022222222222222222
схемотехника;0.0;0.022222222222222223;0.0;0.0;0.0;0.0;0.0;0.0;0.0;0.0;0;0.0022222222222222222
точная b-rep геометрия;0.0;0.022222222222222223;0.0;0.0;0.0;0.0;0.0;0.0;0.0;0.0;0;0.0022222222222222222
kibana;0.0;0.0;0.0;0.014234875444839857;0.0;0.007936507936507936;0.0;0.0;0.0;0.0;0;0.0022171383381347793
.net framework 4.6;0.0;0.0;0.021739130434782608;0.0;0.0;0.0;0.0;0.0;0.0;0.0;0;0.002173913043478261
android);0.0;0.0;0.021739130434782608;0.0;0.0;0.0;0.0;0.0;0.0;0.0;0;0.002173913043478261
angular signals;0.0;0.0;0.021739130434782608;0.0;0.0;0.0;0.0;0.0;0.0;0.0;0;0.002173913043478261
api llm;0.0;0.0;0.021739130434782608;0.0;0.0;0.0;0.0;0.0;0.0;0.0;0;0.002173913043478261
api: rest;0.0;0.0;0.021739130434782608;0.0;0.0;0.0;0.0;0.0;0.0;0.0;0;0.002173913043478261
asp.net core 3/5/6;0.0;0.0;0.021739130434782608;0.0;0.0;0.0;0.0;0.0;0.0;0.0;0;0.002173913043478261
chrome dev tools;0.0;0.0;0.021739130434782608;0.0;0.0;0.0;0.0;0.0;0.0;0.0;0;0.002173913043478261
db: postgresql (ms sql - желательно);0.0;0.0;0.021739130434782608;0.0;0.0;0.0;0.0;0.0;0.0;0.0;0;0.002173913043478261
deloproduction;0.0;0.0;0.021739130434782608;0.0;0.0;0.0;0.0;0.0;0.0;0.0;0;0.002173913043478261
documentflow;0.0;0.0;0.021739130434782608;0.0;0.0;0.0;0.0;0.0;0.0;0.0;0;0.002173913043478261
emulators;0.0;0.0;0.021739130434782608;0.0;0.0;0.0;0.0;0.0;0.0;0.0;0;0.002173913043478261
excel;0.0;0.0;0.021739130434782608;0.0;0.0;0.0;0.0;0.0;0.0;0.0;0;0.002173913043478261
firebase;0.0;0.0;0.021739130434782608;0.0;0.0;0.0;0.0;0.0;0.0;0.0;0;0.002173913043478261
firebug;0.0;0.0;0.021739130434782608;0.0;0.0;0.0;0.0;0.0;0.0;0.0;0;0.002173913043478261
gitlabci;0.0;0.0;0.021739130434782608;0.0;0.0;0.0;0.0;0.0;0.0;0.0;0;0.002173913043478261
hr processes;0.0;0.0;0.021739130434782608;0.0;0.0;0.0;0.0;0.0;0.0;0.0;0;0.002173913043478261
http/https;0.0;0.0;0.021739130434782608;0.0;0.0;0.0;0.0;0.0;0.0;0.0;0;0.002173913043478261
junit;0.0;0.0;0.021739130434782608;0.0;0.0;0.0;0.0;0.0;0.0;0.0;0;0.002173913043478261
keitaro;0.0;0.0;0.021739130434782608;0.0;0.0;0.0;0.0;0.0;0.0;0.0;0;0.002173913043478261
maven;0.0;0.0;0.021739130434782608;0.0;0.0;0.0;0.0;0.0;0.0;0.0;0;0.002173913043478261
media buying;0.0;0.0;0.021739130434782608;0.0;0.0;0.0;0.0;0.0;0.0;0.0;0;0.002173913043478261
migration;0.0;0.0;0.021739130434782608;0.0;0.0;0.0;0.0;0.0;0.0;0.0;0;0.002173913043478261
mobile app security;0.0;0.0;0.021739130434782608;0.0;0.0;0.0;0.0;0.0;0.0;0.0;0;0.002173913043478261
mobile development;0.0;0.0;0.021739130434782608;0.0;0.0;0.0;0.0;0.0;0.0;0.0;0;0.002173913043478261
ms sql server 2017;0.0;0.0;0.021739130434782608;0.0;0.0;0.0;0.0;0.0;0.0;0.0;0;0.002173913043478261
nutra;0.0;0.0;0.021739130434782608;0.0;0.0;0.0;0.0;0.0;0.0;0.0;0;0.002173913043478261
os internals (windows;0.0;0.0;0.021739130434782608;0.0;0.0;0.0;0.0;0.0;0.0;0.0;0;0.002173913043478261
pet projects;0.0;0.0;0.021739130434782608;0.0;0.0;0.0;0.0;0.0;0.0;0.0;0;0.002173913043478261
postgressql;0.0;0.0;0.021739130434782608;0.0;0.0;0.0;0.0;0.0;0.0;0.0;0;0.002173913043478261
promise;0.0;0.0;0.021739130434782608;0.0;0.0;0.0;0.0;0.0;0.0;0.0;0;0.002173913043478261
psql;0.0;0.0;0.021739130434782608;0.0;0.0;0.0;0.0;0.0;0.0;0.0;0;0.002173913043478261
rest assured;0.0;0.0;0.021739130434782608;0.0;0.0;0.0;0.0;0.0;0.0;0.0;0;0.002173913043478261
reverse engineering tools;0.0;0.0;0.021739130434782608;0.0;0.0;0.0;0.0;0.0;0.0;0.0;0;0.002173913043478261
rooting utilities;0.0;0.0;0.021739130434782608;0.0;0.0;0.0;0.0;0.0;0.0;0.0;0;0.002173913043478261
scriptableobject;0.0;0.0;0.021739130434782608;0.0;0.0;0.0;0.0;0.0;0.0;0.0;0;0.002173913043478261
secure development lifecycle;0.0;0.0;0.021739130434782608;0.0;0.0;0.0;0.0;0.0;0.0;0.0;0;0.002173913043478261
selenide;0.0;0.0;0.021739130434782608;0.0;0.0;0.0;0.0;0.0;0.0;0.0;0;0.002173913043478261
servicestack ormlite;0.0;0.0;0.021739130434782608;0.0;0.0;0.0;0.0;0.0;0.0;0.0;0;0.002173913043478261
soap api;0.0;0.0;0.021739130434782608;0.0;0.0;0.0;0.0;0.0;0.0;0.0;0;0.002173913043478261
sqlserver;0.0;0.0;0.021739130434782608;0.0;0.0;0.0;0.0;0.0;0.0;0.0;0;0.002173913043478261
ssdlc;0.0;0.0;0.021739130434782608;0.0;0.0;0.0;0.0;0.0;0.0;0.0;0;0.002173913043478261
testng;0.0;0.0;0.021739130434782608;0.0;0.0;0.0;0.0;0.0;0.0;0.0;0;0.002173913043478261
tms;0.0;0.0;0.021739130434782608;0.0;0.0;0.0;0.0;0.0;0.0;0.0;0;0.002173913043478261
universal render pipeline (urp);0.0;0.0;0.021739130434782608;0.0;0.0;0.0;0.0;0.0;0.0;0.0;0;0.002173913043478261
visual studio 2022;0.0;0.0;0.021739130434782608;0.0;0.0;0.0;0.0;0.0;0.0;0.0;0;0.002173913043478261
vite;0.0;0.0;0.021739130434782608;0.0;0.0;0.0;0.0;0.0;0.0;0.0;0;0.002173913043478261
web components;0.0;0.0;0.021739130434782608;0.0;0.0;0.0;0.0;0.0;0.0;0.0;0;0.002173913043478261
web автотесты;0.0;0.0;0.021739130434782608;0.0;0.0;0.0;0.0;0.0;0.0;0.0;0;0.002173913043478261
web-services;0.0;0.0;0.021739130434782608;0.0;0.0;0.0;0.0;0.0;0.0;0.0;0;0.002173913043478261
автоматизация тестов;0.0;0.0;0.021739130434782608;0.0;0.0;0.0;0.0;0.0;0.0;0.0;0;0.002173913043478261
анимация;0.0;0.0;0.021739130434782608;0.0;0.0;0.0;0.0;0.0;0.0;0.0;0;0.002173913043478261
вероятности;0.0;0.0;0.021739130434782608;0.0;0.0;0.0;0.0;0.0;0.0;0.0;0;0.002173913043478261
геймплей;0.0;0.0;0.021739130434782608;0.0;0.0;0.0;0.0;0.0;0.0;0.0;0;0.002173913043478261
гибрид;0.0;0.0;0.021739130434782608;0.0;0.0;0.0;0.0;0.0;0.0;0.0;0;0.002173913043478261
жизненный цикл объектов;0.0;0.0;0.021739130434782608;0.0;0.0;0.0;0.0;0.0;0.0;0.0;0;0.002173913043478261
игровое по;0.0;0.0;0.021739130434782608;0.0;0.0;0.0;0.0;0.0;0.0;0.0;0;0.002173913043478261
интерактивные приложения;0.0;0.0;0.021739130434782608;0.0;0.0;0.0;0.0;0.0;0.0;0.0;0;0.002173913043478261
информационные системы;0.0;0.0;0.021739130434782608;0.0;0.0;0.0;0.0;0.0;0.0;0.0;0;0.002173913043478261
клиент-серверная архитектура;0.0;0.0;0.021739130434782608;0.0;0.0;0.0;0.0;0.0;0.0;0.0;0;0.002173913043478261
команда;0.0;0.0;0.021739130434782608;0.0;0.0;0.0;0.0;0.0;0.0;0.0;0;0.002173913043478261
комбинаторика;0.0;0.0;0.021739130434782608;0.0;0.0;0.0;0.0;0.0;0.0;0.0;0;0.002173913043478261
математическое моделирование;0.0;0.0;0.021739130434782608;0.0;0.0;0.0;0.0;0.0;0.0;0.0;0;0.002173913043478261
нативное приложение;0.0;0.0;0.021739130434782608;0.0;0.0;0.0;0.0;0.0;0.0;0.0;0;0.002173913043478261
оптимизация;0.0;0.0;0.021739130434782608;0.0;0.0;0.0;0.0;0.0;0.0;0.0;0;0.002173913043478261
оптимизация приложений на unity;0.0;0.0;0.021739130434782608;0.0;0.0;0.0;0.0;0.0;0.0;0.0;0;0.002173913043478261
оптимизация производительности;0.0;0.0;0.021739130434782608;0.0;0.0;0.0;0.0;0.0;0.0;0.0;0;0.002173913043478261
префабы;0.0;0.0;0.021739130434782608;0.0;0.0;0.0;0.0;0.0;0.0;0.0;0;0.002173913043478261
сценарии;0.0;0.0;0.021739130434782608;0.0;0.0;0.0;0.0;0.0;0.0;0.0;0;0.002173913043478261
узкоспециализированное;0.0;0.0;0.021739130434782608;0.0;0.0;0.0;0.0;0.0;0.0;0.0;0;0.002173913043478261
microsoft sql server;0.0;0.0;0.0;0.021352313167259787;0.0;0.0;0.0;0.0;0.0;0.0;0;0.002135231316725979
bpm'online;0.0;0.0;0.0;0.0035587188612099642;0.0;0.015873015873015872;0.0;0.0;0.0;0.0;0;0.0019431734734225835
creatio;0.0;0.0;0.0;0.0035587188612099642;0.0;0.015873015873015872;0.0;0.0;0.0;0.0;0;0.0019431734734225835
hadoop;0.0;0.0;0.0;0.0035587188612099642;0.0;0.015873015873015872;0.0;0.0;0.0;0.0;0;0.0019431734734225835
llm;0.0;0.0;0.0;0.0035587188612099642;0.0;0.015873015873015872;0.0;0.0;0.0;0.0;0;0.0019431734734225835
loki;0.0;0.0;0.0;0.0035587188612099642;0.0;0.015873015873015872;0.0;0.0;0.0;0.0;0;0.0019431734734225835
redis (keydb);0.0;0.0;0.0;0.0035587188612099642;0.0;0.015873015873015872;0.0;0.0;0.0;0.0;0;0.0019431734734225835
spring;0.0;0.0;0.0;0.0035587188612099642;0.0;0.015873015873015872;0.0;0.0;0.0;0.0;0;0.0019431734734225835
springboot;0.0;0.0;0.0;0.0035587188612099642;0.0;0.015873015873015872;0.0;0.0;0.0;0.0;0;0.0019431734734225835
swagger/openapi;0.0;0.0;0.0;0.0035587188612099642;0.0;0.015873015873015872;0.0;0.0;0.0;0.0;0;0.0019431734734225835
artemis;0.0;0.0;0.0;0.010676156583629894;0.0;0.007936507936507936;0.0;0.0;0.0;0.0;0;0.001861266452013783
firebird;0.0;0.0;0.0;0.010676156583629894;0.0;0.007936507936507936;0.0;0.0;0.0;0.0;0;0.001861266452013783
low-code;0.0;0.0;0.0;0.017793594306049824;0.0;0.0;0.0;0.0;0.0;0.0;0;0.0017793594306049823
addressable;0.0;0.0;0.0;0.0;0.0;0.015873015873015872;0.0;0.0;0.0;0.0;0;0.0015873015873015873
crm bpmsoft;0.0;0.0;0.0;0.0;0.0;0.015873015873015872;0.0;0.0;0.0;0.0;0;0.0015873015873015873
factory;0.0;0.0;0.0;0.0;0.0;0.015873015873015872;0.0;0.0;0.0;0.0;0;0.0015873015873015873
grpc/graphql;0.0;0.0;0.0;0.0;0.0;0.015873015873015872;0.0;0.0;0.0;0.0;0;0.0015873015873015873
iap;0.0;0.0;0.0;0.0;0.0;0.015873015873015872;0.0;0.0;0.0;0.0;0;0.0015873015873015873
identityserver4;0.0;0.0;0.0;0.0;0.0;0.015873015873015872;0.0;0.0;0.0;0.0;0;0.0015873015873015873
jatoba;0.0;0.0;0.0;0.0;0.0;0.015873015873015872;0.0;0.0;0.0;0.0;0;0.0015873015873015873
low-code/no-code;0.0;0.0;0.0;0.0;0.0;0.015873015873015872;0.0;0.0;0.0;0.0;0;0.0015873015873015873
message brokers;0.0;0.0;0.0;0.0;0.0;0.015873015873015872;0.0;0.0;0.0;0.0;0;0.0015873015873015873
mongo;0.0;0.0;0.0;0.0;0.0;0.015873015873015872;0.0;0.0;0.0;0.0;0;0.0015873015873015873
nomad;0.0;0.0;0.0;0.0;0.0;0.015873015873015872;0.0;0.0;0.0;0.0;0;0.0015873015873015873
object pooling;0.0;0.0;0.0;0.0;0.0;0.015873015873015872;0.0;0.0;0.0;0.0;0;0.0015873015873015873
observer;0.0;0.0;0.0;0.0;0.0;0.015873015873015872;0.0;0.0;0.0;0.0;0;0.0015873015873015873
redux-toolkit;0.0;0.0;0.0;0.0;0.0;0.015873015873015872;0.0;0.0;0.0;0.0;0;0.0015873015873015873
risk management;0.0;0.0;0.0;0.0;0.0;0.015873015873015872;0.0;0.0;0.0;0.0;0;0.0015873015873015873
state;0.0;0.0;0.0;0.0;0.0;0.015873015873015872;0.0;0.0;0.0;0.0;0;0.0015873015873015873
tempo;0.0;0.0;0.0;0.0;0.0;0.015873015873015872;0.0;0.0;0.0;0.0;0;0.0015873015873015873
uitoolkit;0.0;0.0;0.0;0.0;0.0;0.015873015873015872;0.0;0.0;0.0;0.0;0;0.0015873015873015873
unitywebrequest;0.0;0.0;0.0;0.0;0.0;0.015873015873015872;0.0;0.0;0.0;0.0;0;0.0015873015873015873
vue.js 2;0.0;0.0;0.0;0.0;0.0;0.015873015873015872;0.0;0.0;0.0;0.0;0;0.0015873015873015873
vue3;0.0;0.0;0.0;0.0;0.0;0.015873015873015872;0.0;0.0;0.0;0.0;0;0.0015873015873015873
.net 5;0.0;0.0;0.0;0.0071174377224199285;0.0;0.007936507936507936;0.0;0.0;0.0;0.0;0;0.0015053945658927864
asp net core;0.0;0.0;0.0;0.0071174377224199285;0.0;0.007936507936507936;0.0;0.0;0.0;0.0;0;0.0015053945658927864
graphql;0.0;0.0;0.0;0.0071174377224199285;0.0;0.007936507936507936;0.0;0.0;0.0;0.0;0;0.0015053945658927864
podman;0.0;0.0;0.0;0.0071174377224199285;0.0;0.007936507936507936;0.0;0.0;0.0;0.0;0;0.0015053945658927864
pytorch;0.0;0.0;0.0;0.0071174377224199285;0.0;0.007936507936507936;0.0;0.0;0.0;0.0;0;0.0015053945658927864
react native;0.0;0.0;0.0;0.0071174377224199285;0.0;0.007936507936507936;0.0;0.0;0.0;0.0;0;0.0015053945658927864
tensorflow;0.0;0.0;0.0;0.0071174377224199285;0.0;0.007936507936507936;0.0;0.0;0.0;0.0;0;0.0015053945658927864
алгоритмы;0.0;0.0;0.0;0.0071174377224199285;0.0;0.007936507936507936;0.0;0.0;0.0;0.0;0;0.0015053945658927864
efcore;0.0;0.0;0.0;0.014234875444839857;0.0;0.0;0.0;0.0;0.0;0.0;0;0.0014234875444839856
winapi;0.0;0.0;0.0;0.014234875444839857;0.0;0.0;0.0;0.0;0.0;0.0;0;0.0014234875444839856
.net-экосистема;0.0;0.0;0.0;0.0035587188612099642;0.0;0.007936507936507936;0.0;0.0;0.0;0.0;0;0.00114952267977179
api gateways;0.0;0.0;0.0;0.0035587188612099642;0.0;0.007936507936507936;0.0;0.0;0.0;0.0;0;0.00114952267977179
autocad;0.0;0.0;0.0;0.0035587188612099642;0.0;0.007936507936507936;0.0;0.0;0.0;0.0;0;0.00114952267977179
electron;0.0;0.0;0.0;0.0035587188612099642;0.0;0.007936507936507936;0.0;0.0;0.0;0.0;0;0.00114952267977179
entity framework (core);0.0;0.0;0.0;0.0035587188612099642;0.0;0.007936507936507936;0.0;0.0;0.0;0.0;0;0.00114952267977179
error handling;0.0;0.0;0.0;0.0035587188612099642;0.0;0.007936507936507936;0.0;0.0;0.0;0.0;0;0.00114952267977179
gof;0.0;0.0;0.0;0.0035587188612099642;0.0;0.007936507936507936;0.0;0.0;0.0;0.0;0;0.00114952267977179
integration testing;0.0;0.0;0.0;0.0035587188612099642;0.0;0.007936507936507936;0.0;0.0;0.0;0.0;0;0.00114952267977179
keras;0.0;0.0;0.0;0.0035587188612099642;0.0;0.007936507936507936;0.0;0.0;0.0;0.0;0;0.00114952267977179
mvp;0.0;0.0;0.0;0.0035587188612099642;0.0;0.007936507936507936;0.0;0.0;0.0;0.0;0;0.00114952267977179
newrelic;0.0;0.0;0.0;0.0035587188612099642;0.0;0.007936507936507936;0.0;0.0;0.0;0.0;0;0.00114952267977179
npgsql;0.0;0.0;0.0;0.0035587188612099642;0.0;0.007936507936507936;0.0;0.0;0.0;0.0;0;0.00114952267977179
nuget;0.0;0.0;0.0;0.0035587188612099642;0.0;0.007936507936507936;0.0;0.0;0.0;0.0;0;0.00114952267977179
oauth2;0.0;0.0;0.0;0.0035587188612099642;0.0;0.007936507936507936;0.0;0.0;0.0;0.0;0;0.00114952267977179
observability;0.0;0.0;0.0;0.0035587188612099642;0.0;0.007936507936507936;0.0;0.0;0.0;0.0;0;0.00114952267977179
retries;0.0;0.0;0.0;0.0035587188612099642;0.0;0.007936507936507936;0.0;0.0;0.0;0.0;0;0.00114952267977179
spa;0.0;0.0;0.0;0.0035587188612099642;0.0;0.007936507936507936;0.0;0.0;0.0;0.0;0;0.00114952267977179
sql (postgresql);0.0;0.0;0.0;0.0035587188612099642;0.0;0.007936507936507936;0.0;0.0;0.0;0.0;0;0.00114952267977179
sre;0.0;0.0;0.0;0.0035587188612099642;0.0;0.007936507936507936;0.0;0.0;0.0;0.0;0;0.00114952267977179
tech lead;0.0;0.0;0.0;0.0035587188612099642;0.0;0.007936507936507936;0.0;0.0;0.0;0.0;0;0.00114952267977179
vba;0.0;0.0;0.0;0.0035587188612099642;0.0;0.007936507936507936;0.0;0.0;0.0;0.0;0;0.00114952267977179
webgl;0.0;0.0;0.0;0.0035587188612099642;0.0;0.007936507936507936;0.0;0.0;0.0;0.0;0;0.00114952267977179
xunit/nunit;0.0;0.0;0.0;0.0035587188612099642;0.0;0.007936507936507936;0.0;0.0;0.0;0.0;0;0.00114952267977179
индексы;0.0;0.0;0.0;0.0035587188612099642;0.0;0.007936507936507936;0.0;0.0;0.0;0.0;0;0.00114952267977179
искусственный интеллект;0.0;0.0;0.0;0.0035587188612099642;0.0;0.007936507936507936;0.0;0.0;0.0;0.0;0;0.00114952267977179
структуры данных;0.0;0.0;0.0;0.0035587188612099642;0.0;0.007936507936507936;0.0;0.0;0.0;0.0;0;0.00114952267977179
.net 8+;0.0;0.0;0.0;0.010676156583629894;0.0;0.0;0.0;0.0;0.0;0.0;0;0.0010676156583629894
.net8+;0.0;0.0;0.0;0.010676156583629894;0.0;0.0;0.0;0.0;0.0;0.0;0;0.0010676156583629894
cloud native;0.0;0.0;0.0;0.010676156583629894;0.0;0.0;0.0;0.0;0.0;0.0;0;0.0010676156583629894
dast;0.0;0.0;0.0;0.010676156583629894;0.0;0.0;0.0;0.0;0.0;0.0;0;0.0010676156583629894
design patterns;0.0;0.0;0.0;0.010676156583629894;0.0;0.0;0.0;0.0;0.0;0.0;0;0.0010676156583629894
domain-driven design;0.0;0.0;0.0;0.010676156583629894;0.0;0.0;0.0;0.0;0.0;0.0;0;0.0010676156583629894
dynamo;0.0;0.0;0.0;0.010676156583629894;0.0;0.0;0.0;0.0;0.0;0.0;0;0.0010676156583629894
etl;0.0;0.0;0.0;0.010676156583629894;0.0;0.0;0.0;0.0;0.0;0.0;0;0.0010676156583629894
kubernetes (k8s);0.0;0.0;0.0;0.010676156583629894;0.0;0.0;0.0;0.0;0.0;0.0;0;0.0010676156583629894
nhibernate;0.0;0.0;0.0;0.010676156583629894;0.0;0.0;0.0;0.0;0.0;0.0;0;0.0010676156583629894
owasp top 10;0.0;0.0;0.0;0.010676156583629894;0.0;0.0;0.0;0.0;0.0;0.0;0;0.0010676156583629894
resharper;0.0;0.0;0.0;0.010676156583629894;0.0;0.0;0.0;0.0;0.0;0.0;0;0.0010676156583629894
robotic process automation;0.0;0.0;0.0;0.010676156583629894;0.0;0.0;0.0;0.0;0.0;0.0;0;0.0010676156583629894
rpa;0.0;0.0;0.0;0.010676156583629894;0.0;0.0;0.0;0.0;0.0;0.0;0;0.0010676156583629894
ruby;0.0;0.0;0.0;0.010676156583629894;0.0;0.0;0.0;0.0;0.0;0.0;0;0.0010676156583629894
sast;0.0;0.0;0.0;0.010676156583629894;0.0;0.0;0.0;0.0;0.0;0.0;0;0.0010676156583629894
sonarqube;0.0;0.0;0.0;0.010676156583629894;0.0;0.0;0.0;0.0;0.0;0.0;0;0.0010676156583629894
асинхронность;0.0;0.0;0.0;0.010676156583629894;0.0;0.0;0.0;0.0;0.0;0.0;0;0.0010676156583629894
.net 5-8;0.0;0.0;0.0;0.0;0.0;0.007936507936507936;0.0;0.0;0.0;0.0;0;0.0007936507936507937
.net 6/7/8;0.0;0.0;0.0;0.0;0.0;0.007936507936507936;0.0;0.0;0.0;0.0;0;0.0007936507936507937
.net8;0.0;0.0;0.0;0.0;0.0;0.007936507936507936;0.0;0.0;0.0;0.0;0;0.0007936507936507937
.netcore;0.0;0.0;0.0;0.0;0.0;0.007936507936507936;0.0;0.0;0.0;0.0;0;0.0007936507936507937
acid;0.0;0.0;0.0;0.0;0.0;0.007936507936507936;0.0;0.0;0.0;0.0;0;0.0007936507936507937
activiti;0.0;0.0;0.0;0.0;0.0;0.007936507936507936;0.0;0.0;0.0;0.0;0;0.0007936507936507937
adtech;0.0;0.0;0.0;0.0;0.0;0.007936507936507936;0.0;0.0;0.0;0.0;0;0.0007936507936507937
aerospike;0.0;0.0;0.0;0.0;0.0;0.007936507936507936;0.0;0.0;0.0;0.0;0;0.0007936507936507937
algorithmic systems;0.0;0.0;0.0;0.0;0.0;0.007936507936507936;0.0;0.0;0.0;0.0;0;0.0007936507936507937
android.xamarin;0.0;0.0;0.0;0.0;0.0;0.007936507936507936;0.0;0.0;0.0;0.0;0;0.0007936507936507937
angular cli;0.0;0.0;0.0;0.0;0.0;0.007936507936507936;0.0;0.0;0.0;0.0;0;0.0007936507936507937
angular js;0.0;0.0;0.0;0.0;0.0;0.007936507936507936;0.0;0.0;0.0;0.0;0;0.0007936507936507937
api (rest;0.0;0.0;0.0;0.0;0.0;0.007936507936507936;0.0;0.0;0.0;0.0;0;0.0007936507936507937
api design;0.0;0.0;0.0;0.0;0.0;0.007936507936507936;0.0;0.0;0.0;0.0;0;0.0007936507936507937
api-first;0.0;0.0;0.0;0.0;0.0;0.007936507936507936;0.0;0.0;0.0;0.0;0;0.0007936507936507937
appinsights;0.0;0.0;0.0;0.0;0.0;0.007936507936507936;0.0;0.0;0.0;0.0;0;0.0007936507936507937
archimate 3.2;0.0;0.0;0.0;0.0;0.0;0.007936507936507936;0.0;0.0;0.0;0.0;0;0.0007936507936507937
asmx;0.0;0.0;0.0;0.0;0.0;0.007936507936507936;0.0;0.0;0.0;0.0;0;0.0007936507936507937
asp;0.0;0.0;0.0;0.0;0.0;0.007936507936507936;0.0;0.0;0.0;0.0;0;0.0007936507936507937
asp.net web api / mvc;0.0;0.0;0.0;0.0;0.0;0.007936507936507936;0.0;0.0;0.0;0.0;0;0.0007936507936507937
automated testing frameworks;0.0;0.0;0.0;0.0;0.0;0.007936507936507936;0.0;0.0;0.0;0.0;0;0.0007936507936507937
backlog;0.0;0.0;0.0;0.0;0.0;0.007936507936507936;0.0;0.0;0.0;0.0;0;0.0007936507936507937
barsup.net;0.0;0.0;0.0;0.0;0.0;0.007936507936507936;0.0;0.0;0.0;0.0;0;0.0007936507936507937
besu;0.0;0.0;0.0;0.0;0.0;0.007936507936507936;0.0;0.0;0.0;0.0;0;0.0007936507936507937
betting platforms;0.0;0.0;0.0;0.0;0.0;0.007936507936507936;0.0;0.0;0.0;0.0;0;0.0007936507936507937
billying;0.0;0.0;0.0;0.0;0.0;0.007936507936507936;0.0;0.0;0.0;0.0;0;0.0007936507936507937
brockers messages;0.0;0.0;0.0;0.0;0.0;0.007936507936507936;0.0;0.0;0.0;0.0;0;0.0007936507936507937
camunda bpm (7;0.0;0.0;0.0;0.0;0.0;0.007936507936507936;0.0;0.0;0.0;0.0;0;0.0007936507936507937
camunda dmn;0.0;0.0;0.0;0.0;0.0;0.007936507936507936;0.0;0.0;0.0;0.0;0;0.0007936507936507937
cassandra;0.0;0.0;0.0;0.0;0.0;0.007936507936507936;0.0;0.0;0.0;0.0;0;0.0007936507936507937
catboost;0.0;0.0;0.0;0.0;0.0;0.007936507936507936;0.0;0.0;0.0;0.0;0;0.0007936507936507937
chef;0.0;0.0;0.0;0.0;0.0;0.007936507936507936;0.0;0.0;0.0;0.0;0;0.0007936507936507937
cloudflare;0.0;0.0;0.0;0.0;0.0;0.007936507936507936;0.0;0.0;0.0;0.0;0;0.0007936507936507937
containerd;0.0;0.0;0.0;0.0;0.0;0.007936507936507936;0.0;0.0;0.0;0.0;0;0.0007936507936507937
core;0.0;0.0;0.0;0.0;0.0;0.007936507936507936;0.0;0.0;0.0;0.0;0;0.0007936507936507937
core 2.2 и выше (asp.net core mvc;0.0;0.0;0.0;0.0;0.0;0.007936507936507936;0.0;0.0;0.0;0.0;0;0.0007936507936507937
cors;0.0;0.0;0.0;0.0;0.0;0.007936507936507936;0.0;0.0;0.0;0.0;0;0.0007936507936507937
cpu cores;0.0;0.0;0.0;0.0;0.0;0.007936507936507936;0.0;0.0;0.0;0.0;0;0.0007936507936507937
csv;0.0;0.0;0.0;0.0;0.0;0.007936507936507936;0.0;0.0;0.0;0.0;0;0.0007936507936507937
cte;0.0;0.0;0.0;0.0;0.0;0.007936507936507936;0.0;0.0;0.0;0.0;0;0.0007936507936507937
data modeling;0.0;0.0;0.0;0.0;0.0;0.007936507936507936;0.0;0.0;0.0;0.0;0;0.0007936507936507937
datamine;0.0;0.0;0.0;0.0;0.0;0.007936507936507936;0.0;0.0;0.0;0.0;0;0.0007936507936507937
db2;0.0;0.0;0.0;0.0;0.0;0.007936507936507936;0.0;0.0;0.0;0.0;0;0.0007936507936507937
digital twins;0.0;0.0;0.0;0.0;0.0;0.007936507936507936;0.0;0.0;0.0;0.0;0;0.0007936507936507937
dns;0.0;0.0;0.0;0.0;0.0;0.007936507936507936;0.0;0.0;0.0;0.0;0;0.0007936507936507937
doctrine orm;0.0;0.0;0.0;0.0;0.0;0.007936507936507936;0.0;0.0;0.0;0.0;0;0.0007936507936507937
domain composition;0.0;0.0;0.0;0.0;0.0;0.007936507936507936;0.0;0.0;0.0;0.0;0;0.0007936507936507937
domain driven design;0.0;0.0;0.0;0.0;0.0;0.007936507936507936;0.0;0.0;0.0;0.0;0;0.0007936507936507937
drools;0.0;0.0;0.0;0.0;0.0;0.007936507936507936;0.0;0.0;0.0;0.0;0;0.0007936507936507937
durable futures;0.0;0.0;0.0;0.0;0.0;0.007936507936507936;0.0;0.0;0.0;0.0;0;0.0007936507936507937
ecs-архитектура;0.0;0.0;0.0;0.0;0.0;0.007936507936507936;0.0;0.0;0.0;0.0;0;0.0007936507936507937
emulation;0.0;0.0;0.0;0.0;0.0;0.007936507936507936;0.0;0.0;0.0;0.0;0;0.0007936507936507937
entity-component-system;0.0;0.0;0.0;0.0;0.0;0.007936507936507936;0.0;0.0;0.0;0.0;0;0.0007936507936507937
entity-systems;0.0;0.0;0.0;0.0;0.0;0.007936507936507936;0.0;0.0;0.0;0.0;0;0.0007936507936507937
esb;0.0;0.0;0.0;0.0;0.0;0.007936507936507936;0.0;0.0;0.0;0.0;0;0.0007936507936507937
etl-процессы и инструменты;0.0;0.0;0.0;0.0;0.0;0.007936507936507936;0.0;0.0;0.0;0.0;0;0.0007936507936507937
etl/elt;0.0;0.0;0.0;0.0;0.0;0.007936507936507936;0.0;0.0;0.0;0.0;0;0.0007936507936507937
event-driven systems;0.0;0.0;0.0;0.0;0.0;0.007936507936507936;0.0;0.0;0.0;0.0;0;0.0007936507936507937
fault tolerance;0.0;0.0;0.0;0.0;0.0;0.007936507936507936;0.0;0.0;0.0;0.0;0;0.0007936507936507937
fluentd;0.0;0.0;0.0;0.0;0.0;0.007936507936507936;0.0;0.0;0.0;0.0;0;0.0007936507936507937
frontend;0.0;0.0;0.0;0.0;0.0;0.007936507936507936;0.0;0.0;0.0;0.0;0;0.0007936507936507937
fsm-редакторы;0.0;0.0;0.0;0.0;0.0;0.007936507936507936;0.0;0.0;0.0;0.0;0;0.0007936507936507937
geth;0.0;0.0;0.0;0.0;0.0;0.007936507936507936;0.0;0.0;0.0;0.0;0;0.0007936507936507937
gitflow;0.0;0.0;0.0;0.0;0.0;0.007936507936507936;0.0;0.0;0.0;0.0;0;0.0007936507936507937
graalvm;0.0;0.0;0.0;0.0;0.0;0.007936507936507936;0.0;0.0;0.0;0.0;0;0.0007936507936507937
grpc api;0.0;0.0;0.0;0.0;0.0;0.007936507936507936;0.0;0.0;0.0;0.0;0;0.0007936507936507937
hbase;0.0;0.0;0.0;0.0;0.0;0.007936507936507936;0.0;0.0;0.0;0.0;0;0.0007936507936507937
hibernate;0.0;0.0;0.0;0.0;0.0;0.007936507936507936;0.0;0.0;0.0;0.0;0;0.0007936507936507937
high-throughput;0.0;0.0;0.0;0.0;0.0;0.007936507936507936;0.0;0.0;0.0;0.0;0;0.0007936507936507937
highload systems;0.0;0.0;0.0;0.0;0.0;0.007936507936507936;0.0;0.0;0.0;0.0;0;0.0007936507936507937
http/rest;0.0;0.0;0.0;0.0;0.0;0.007936507936507936;0.0;0.0;0.0;0.0;0;0.0007936507936507937
ibm bpm;0.0;0.0;0.0;0.0;0.0;0.007936507936507936;0.0;0.0;0.0;0.0;0;0.0007936507936507937
idempotency;0.0;0.0;0.0;0.0;0.0;0.007936507936507936;0.0;0.0;0.0;0.0;0;0.0007936507936507937
ignite;0.0;0.0;0.0;0.0;0.0;0.007936507936507936;0.0;0.0;0.0;0.0;0;0.0007936507936507937
informatica;0.0;0.0;0.0;0.0;0.0;0.007936507936507936;0.0;0.0;0.0;0.0;0;0.0007936507936507937
ipfs;0.0;0.0;0.0;0.0;0.0;0.007936507936507936;0.0;0.0;0.0;0.0;0;0.0007936507936507937
istio;0.0;0.0;0.0;0.0;0.0;0.007936507936507936;0.0;0.0;0.0;0.0;0;0.0007936507936507937
it-инфраструктура;0.0;0.0;0.0;0.0;0.0;0.007936507936507936;0.0;0.0;0.0;0.0;0;0.0007936507936507937
it-ипотека;0.0;0.0;0.0;0.0;0.0;0.007936507936507936;0.0;0.0;0.0;0.0;0;0.0007936507936507937
javascript (es6+);0.0;0.0;0.0;0.0;0.0;0.007936507936507936;0.0;0.0;0.0;0.0;0;0.0007936507936507937
javascript/typescript (node.js);0.0;0.0;0.0;0.0;0.0;0.007936507936507936;0.0;0.0;0.0;0.0;0;0.0007936507936507937
join;0.0;0.0;0.0;0.0;0.0;0.007936507936507936;0.0;0.0;0.0;0.0;0;0.0007936507936507937
kendo mvc ui;0.0;0.0;0.0;0.0;0.0;0.007936507936507936;0.0;0.0;0.0;0.0;0;0.0007936507936507937
kvm;0.0;0.0;0.0;0.0;0.0;0.007936507936507936;0.0;0.0;0.0;0.0;0;0.0007936507936507937
lock-free / free-lock algorithms;0.0;0.0;0.0;0.0;0.0;0.007936507936507936;0.0;0.0;0.0;0.0;0;0.0007936507936507937
logistic;0.0;0.0;0.0;0.0;0.0;0.007936507936507936;0.0;0.0;0.0;0.0;0;0.0007936507936507937
low-code платформы;0.0;0.0;0.0;0.0;0.0;0.007936507936507936;0.0;0.0;0.0;0.0;0;0.0007936507936507937
lumen;0.0;0.0;0.0;0.0;0.0;0.007936507936507936;0.0;0.0;0.0;0.0;0;0.0007936507936507937
mcp;0.0;0.0;0.0;0.0;0.0;0.007936507936507936;0.0;0.0;0.0;0.0;0;0.0007936507936507937
memorycache;0.0;0.0;0.0;0.0;0.0;0.007936507936507936;0.0;0.0;0.0;0.0;0;0.0007936507936507937
message bus;0.0;0.0;0.0;0.0;0.0;0.007936507936507936;0.0;0.0;0.0;0.0;0;0.0007936507936507937
micromine;0.0;0.0;0.0;0.0;0.0;0.007936507936507936;0.0;0.0;0.0;0.0;0;0.0007936507936507937
microservices architecture;0.0;0.0;0.0;0.0;0.0;0.007936507936507936;0.0;0.0;0.0;0.0;0;0.0007936507936507937
mikroservisy;0.0;0.0;0.0;0.0;0.0;0.007936507936507936;0.0;0.0;0.0;0.0;0;0.0007936507936507937
mini;0.0;0.0;0.0;0.0;0.0;0.007936507936507936;0.0;0.0;0.0;0.0;0;0.0007936507936507937
minimal api;0.0;0.0;0.0;0.0;0.0;0.007936507936507936;0.0;0.0;0.0;0.0;0;0.0007936507936507937
minimals api;0.0;0.0;0.0;0.0;0.0;0.007936507936507936;0.0;0.0;0.0;0.0;0;0.0007936507936507937
ms office;0.0;0.0;0.0;0.0;0.0;0.007936507936507936;0.0;0.0;0.0;0.0;0;0.0007936507936507937
mudblazor;0.0;0.0;0.0;0.0;0.0;0.007936507936507936;0.0;0.0;0.0;0.0;0;0.0007936507936507937
net core;0.0;0.0;0.0;0.0;0.0;0.007936507936507936;0.0;0.0;0.0;0.0;0;0.0007936507936507937
net core 6;0.0;0.0;0.0;0.0;0.0;0.007936507936507936;0.0;0.0;0.0;0.0;0;0.0007936507936507937
net framework;0.0;0.0;0.0;0.0;0.0;0.007936507936507936;0.0;0.0;0.0;0.0;0;0.0007936507936507937
net.core;0.0;0.0;0.0;0.0;0.0;0.007936507936507936;0.0;0.0;0.0;0.0;0;0.0007936507936507937
neural networks;0.0;0.0;0.0;0.0;0.0;0.007936507936507936;0.0;0.0;0.0;0.0;0;0.0007936507936507937
next.js;0.0;0.0;0.0;0.0;0.0;0.007936507936507936;0.0;0.0;0.0;0.0;0;0.0007936507936507937
nginx ingress;0.0;0.0;0.0;0.0;0.0;0.007936507936507936;0.0;0.0;0.0;0.0;0;0.0007936507936507937
nunit/xunit;0.0;0.0;0.0;0.0;0.0;0.007936507936507936;0.0;0.0;0.0;0.0;0;0.0007936507936507937
oauth2.0;0.0;0.0;0.0;0.0;0.0;0.007936507936507936;0.0;0.0;0.0;0.0;0;0.0007936507936507937
onnx;0.0;0.0;0.0;0.0;0.0;0.007936507936507936;0.0;0.0;0.0;0.0;0;0.0007936507936507937
open api;0.0;0.0;0.0;0.0;0.0;0.007936507936507936;0.0;0.0;0.0;0.0;0;0.0007936507936507937
openidconnect;0.0;0.0;0.0;0.0;0.0;0.007936507936507936;0.0;0.0;0.0;0.0;0;0.0007936507936507937
openrtb;0.0;0.0;0.0;0.0;0.0;0.007936507936507936;0.0;0.0;0.0;0.0;0;0.0007936507936507937
openshift;0.0;0.0;0.0;0.0;0.0;0.007936507936507936;0.0;0.0;0.0;0.0;0;0.0007936507936507937
oracle);0.0;0.0;0.0;0.0;0.0;0.007936507936507936;0.0;0.0;0.0;0.0;0;0.0007936507936507937
orm фреймворки: ef core;0.0;0.0;0.0;0.0;0.0;0.007936507936507936;0.0;0.0;0.0;0.0;0;0.0007936507936507937
os internals;0.0;0.0;0.0;0.0;0.0;0.007936507936507936;0.0;0.0;0.0;0.0;0;0.0007936507936507937
p/invoke;0.0;0.0;0.0;0.0;0.0;0.007936507936507936;0.0;0.0;0.0;0.0;0;0.0007936507936507937
pentaho;0.0;0.0;0.0;0.0;0.0;0.007936507936507936;0.0;0.0;0.0;0.0;0;0.0007936507936507937
postgre sql;0.0;0.0;0.0;0.0;0.0;0.007936507936507936;0.0;0.0;0.0;0.0;0;0.0007936507936507937
postgree;0.0;0.0;0.0;0.0;0.0;0.007936507936507936;0.0;0.0;0.0;0.0;0;0.0007936507936507937
postgresql/mssql;0.0;0.0;0.0;0.0;0.0;0.007936507936507936;0.0;0.0;0.0;0.0;0;0.0007936507936507937
prediction markets;0.0;0.0;0.0;0.0;0.0;0.007936507936507936;0.0;0.0;0.0;0.0;0;0.0007936507936507937
predictive analytics;0.0;0.0;0.0;0.0;0.0;0.007936507936507936;0.0;0.0;0.0;0.0;0;0.0007936507936507937
proxmox;0.0;0.0;0.0;0.0;0.0;0.007936507936507936;0.0;0.0;0.0;0.0;0;0.0007936507936507937
puppet;0.0;0.0;0.0;0.0;0.0;0.007936507936507936;0.0;0.0;0.0;0.0;0;0.0007936507936507937
puppeteer;0.0;0.0;0.0;0.0;0.0;0.007936507936507936;0.0;0.0;0.0;0.0;0;0.0007936507936507937
reporting;0.0;0.0;0.0;0.0;0.0;0.007936507936507936;0.0;0.0;0.0;0.0;0;0.0007936507936507937
routing slips;0.0;0.0;0.0;0.0;0.0;0.007936507936507936;0.0;0.0;0.0;0.0;0;0.0007936507936507937
rutting;0.0;0.0;0.0;0.0;0.0;0.007936507936507936;0.0;0.0;0.0;0.0;0;0.0007936507936507937
s3-совместимые хранилища;0.0;0.0;0.0;0.0;0.0;0.007936507936507936;0.0;0.0;0.0;0.0;0;0.0007936507936507937
saga state machines;0.0;0.0;0.0;0.0;0.0;0.007936507936507936;0.0;0.0;0.0;0.0;0;0.0007936507936507937
scalability;0.0;0.0;0.0;0.0;0.0;0.007936507936507936;0.0;0.0;0.0;0.0;0;0.0007936507936507937
scylla;0.0;0.0;0.0;0.0;0.0;0.007936507936507936;0.0;0.0;0.0;0.0;0;0.0007936507936507937
secure code development;0.0;0.0;0.0;0.0;0.0;0.007936507936507936;0.0;0.0;0.0;0.0;0;0.0007936507936507937
security and compliance requirements;0.0;0.0;0.0;0.0;0.0;0.007936507936507936;0.0;0.0;0.0;0.0;0;0.0007936507936507937
serilog;0.0;0.0;0.0;0.0;0.0;0.007936507936507936;0.0;0.0;0.0;0.0;0;0.0007936507936507937
service-oriented;0.0;0.0;0.0;0.0;0.0;0.007936507936507936;0.0;0.0;0.0;0.0;0;0.0007936507936507937
shift-left;0.0;0.0;0.0;0.0;0.0;0.007936507936507936;0.0;0.0;0.0;0.0;0;0.0007936507936507937
soap);0.0;0.0;0.0;0.0;0.0;0.007936507936507936;0.0;0.0;0.0;0.0;0;0.0007936507936507937
sports data;0.0;0.0;0.0;0.0;0.0;0.007936507936507936;0.0;0.0;0.0;0.0;0;0.0007936507936507937
sql (ms sql/postgresql);0.0;0.0;0.0;0.0;0.0;0.007936507936507936;0.0;0.0;0.0;0.0;0;0.0007936507936507937
sql-запросы;0.0;0.0;0.0;0.0;0.0;0.007936507936507936;0.0;0.0;0.0;0.0;0;0.0007936507936507937
ssh;0.0;0.0;0.0;0.0;0.0;0.007936507936507936;0.0;0.0;0.0;0.0;0;0.0007936507936507937
symfony;0.0;0.0;0.0;0.0;0.0;0.007936507936507936;0.0;0.0;0.0;0.0;0;0.0007936507936507937
talend;0.0;0.0;0.0;0.0;0.0;0.007936507936507936;0.0;0.0;0.0;0.0;0;0.0007936507936507937
telerik;0.0;0.0;0.0;0.0;0.0;0.007936507936507936;0.0;0.0;0.0;0.0;0;0.0007936507936507937
terrasoft crm;0.0;0.0;0.0;0.0;0.0;0.007936507936507936;0.0;0.0;0.0;0.0;0;0.0007936507936507937
tessa sdk;0.0;0.0;0.0;0.0;0.0;0.007936507936507936;0.0;0.0;0.0;0.0;0;0.0007936507936507937
ui-components;0.0;0.0;0.0;0.0;0.0;0.007936507936507936;0.0;0.0;0.0;0.0;0;0.0007936507936507937
unit testing;0.0;0.0;0.0;0.0;0.0;0.007936507936507936;0.0;0.0;0.0;0.0;0;0.0007936507936507937
user interface;0.0;0.0;0.0;0.0;0.0;0.007936507936507936;0.0;0.0;0.0;0.0;0;0.0007936507936507937
visual studio c#;0.0;0.0;0.0;0.0;0.0;0.007936507936507936;0.0;0.0;0.0;0.0;0;0.0007936507936507937
vmware;0.0;0.0;0.0;0.0;0.0;0.007936507936507936;0.0;0.0;0.0;0.0;0;0.0007936507936507937
web api);0.0;0.0;0.0;0.0;0.0;0.007936507936507936;0.0;0.0;0.0;0.0;0;0.0007936507936507937
websocket (wss);0.0;0.0;0.0;0.0;0.0;0.007936507936507936;0.0;0.0;0.0;0.0;0;0.0007936507936507937
xml rpc;0.0;0.0;0.0;0.0;0.0;0.007936507936507936;0.0;0.0;0.0;0.0;0;0.0007936507936507937
yaml;0.0;0.0;0.0;0.0;0.0;0.007936507936507936;0.0;0.0;0.0;0.0;0;0.0007936507936507937
yarn;0.0;0.0;0.0;0.0;0.0;0.007936507936507936;0.0;0.0;0.0;0.0;0;0.0007936507936507937
zookeeper;0.0;0.0;0.0;0.0;0.0;0.007936507936507936;0.0;0.0;0.0;0.0;0;0.0007936507936507937
архитектурное проектирование;0.0;0.0;0.0;0.0;0.0;0.007936507936507936;0.0;0.0;0.0;0.0;0;0.0007936507936507937
балансировка нагрузки;0.0;0.0;0.0;0.0;0.0;0.007936507936507936;0.0;0.0;0.0;0.0;0;0.0007936507936507937
геологическая информация;0.0;0.0;0.0;0.0;0.0;0.007936507936507936;0.0;0.0;0.0;0.0;0;0.0007936507936507937
геологоразведочные работы;0.0;0.0;0.0;0.0;0.0;0.007936507936507936;0.0;0.0;0.0;0.0;0;0.0007936507936507937
добычные работы;0.0;0.0;0.0;0.0;0.0;0.007936507936507936;0.0;0.0;0.0;0.0;0;0.0007936507936507937
и т.п.;0.0;0.0;0.0;0.0;0.0;0.007936507936507936;0.0;0.0;0.0;0.0;0;0.0007936507936507937
клиент-серверные системы;0.0;0.0;0.0;0.0;0.0;0.007936507936507936;0.0;0.0;0.0;0.0;0;0.0007936507936507937
маршрутизация;0.0;0.0;0.0;0.0;0.0;0.007936507936507936;0.0;0.0;0.0;0.0;0;0.0007936507936507937
оптимизация проектов;0.0;0.0;0.0;0.0;0.0;0.007936507936507936;0.0;0.0;0.0;0.0;0;0.0007936507936507937
проектирование;0.0;0.0;0.0;0.0;0.0;0.007936507936507936;0.0;0.0;0.0;0.0;0;0.0007936507936507937
реляционные субд (postgresql;0.0;0.0;0.0;0.0;0.0;0.007936507936507936;0.0;0.0;0.0;0.0;0;0.0007936507936507937
сетевые приложения;0.0;0.0;0.0;0.0;0.0;0.007936507936507936;0.0;0.0;0.0;0.0;0;0.0007936507936507937
технические решения;0.0;0.0;0.0;0.0;0.0;0.007936507936507936;0.0;0.0;0.0;0.0;0;0.0007936507936507937
учётные системы;0.0;0.0;0.0;0.0;0.0;0.007936507936507936;0.0;0.0;0.0;0.0;0;0.0007936507936507937
.net 4.8;0.0;0.0;0.0;0.0071174377224199285;0.0;0.0;0.0;0.0;0.0;0.0;0;0.0007117437722419928
.net 7;0.0;0.0;0.0;0.0071174377224199285;0.0;0.0;0.0;0.0;0.0;0.0;0;0.0007117437722419928
.net6;0.0;0.0;0.0;0.0071174377224199285;0.0;0.0;0.0;0.0;0.0;0.0;0;0.0007117437722419928
4x-стратегия;0.0;0.0;0.0;0.0071174377224199285;0.0;0.0;0.0;0.0;0.0;0.0;0;0.0007117437722419928
adaptive layout;0.0;0.0;0.0;0.0071174377224199285;0.0;0.0;0.0;0.0;0.0;0.0;0;0.0007117437722419928
addressables;0.0;0.0;0.0;0.0071174377224199285;0.0;0.0;0.0;0.0;0.0;0.0;0;0.0007117437722419928
ai-инструменты;0.0;0.0;0.0;0.0071174377224199285;0.0;0.0;0.0;0.0;0.0;0.0;0;0.0007117437722419928
ajax;0.0;0.0;0.0;0.0071174377224199285;0.0;0.0;0.0;0.0;0.0;0.0;0;0.0007117437722419928
apache airflow;0.0;0.0;0.0;0.0071174377224199285;0.0;0.0;0.0;0.0;0.0;0.0;0;0.0007117437722419928
api тестирование;0.0;0.0;0.0;0.0071174377224199285;0.0;0.0;0.0;0.0;0.0;0.0;0;0.0007117437722419928
appium;0.0;0.0;0.0;0.0071174377224199285;0.0;0.0;0.0;0.0;0.0;0.0;0;0.0007117437722419928
appsec;0.0;0.0;0.0;0.0071174377224199285;0.0;0.0;0.0;0.0;0.0;0.0;0;0.0007117437722419928
asp.net core webapi;0.0;0.0;0.0;0.0071174377224199285;0.0;0.0;0.0;0.0;0.0;0.0;0;0.0007117437722419928
asp.net web api;0.0;0.0;0.0;0.0071174377224199285;0.0;0.0;0.0;0.0;0.0;0.0;0;0.0007117437722419928
async/await;0.0;0.0;0.0;0.0071174377224199285;0.0;0.0;0.0;0.0;0.0;0.0;0;0.0007117437722419928
asynchronous programming;0.0;0.0;0.0;0.0071174377224199285;0.0;0.0;0.0;0.0;0.0;0.0;0;0.0007117437722419928
atlassian confluence;0.0;0.0;0.0;0.0071174377224199285;0.0;0.0;0.0;0.0;0.0;0.0;0;0.0007117437722419928
atlassian jira;0.0;0.0;0.0;0.0071174377224199285;0.0;0.0;0.0;0.0;0.0;0.0;0;0.0007117437722419928
autodesk revit;0.0;0.0;0.0;0.0071174377224199285;0.0;0.0;0.0;0.0;0.0;0.0;0;0.0007117437722419928
automation;0.0;0.0;0.0;0.0071174377224199285;0.0;0.0;0.0;0.0;0.0;0.0;0;0.0007117437722419928
azd;0.0;0.0;0.0;0.0071174377224199285;0.0;0.0;0.0;0.0;0.0;0.0;0;0.0007117437722419928
bigdata;0.0;0.0;0.0;0.0071174377224199285;0.0;0.0;0.0;0.0;0.0;0.0;0;0.0007117437722419928
cap-теорема;0.0;0.0;0.0;0.0071174377224199285;0.0;0.0;0.0;0.0;0.0;0.0;0;0.0007117437722419928
castle windsor;0.0;0.0;0.0;0.0071174377224199285;0.0;0.0;0.0;0.0;0.0;0.0;0;0.0007117437722419928
chatgpt;0.0;0.0;0.0;0.0071174377224199285;0.0;0.0;0.0;0.0;0.0;0.0;0;0.0007117437722419928
claude;0.0;0.0;0.0;0.0071174377224199285;0.0;0.0;0.0;0.0;0.0;0.0;0;0.0007117437722419928
client-server architecture;0.0;0.0;0.0;0.0071174377224199285;0.0;0.0;0.0;0.0;0.0;0.0;0;0.0007117437722419928
codescoring;0.0;0.0;0.0;0.0071174377224199285;0.0;0.0;0.0;0.0;0.0;0.0;0;0.0007117437722419928
copilot;0.0;0.0;0.0;0.0071174377224199285;0.0;0.0;0.0;0.0;0.0;0.0;0;0.0007117437722419928
css/saas;0.0;0.0;0.0;0.0071174377224199285;0.0;0.0;0.0;0.0;0.0;0.0;0;0.0007117437722419928
customer journey mapping;0.0;0.0;0.0;0.0071174377224199285;0.0;0.0;0.0;0.0;0.0;0.0;0;0.0007117437722419928
dataset;0.0;0.0;0.0;0.0071174377224199285;0.0;0.0;0.0;0.0;0.0;0.0;0;0.0007117437722419928
directum;0.0;0.0;0.0;0.0071174377224199285;0.0;0.0;0.0;0.0;0.0;0.0;0;0.0007117437722419928
docsvision;0.0;0.0;0.0;0.0071174377224199285;0.0;0.0;0.0;0.0;0.0;0.0;0;0.0007117437722419928
event driven architecture;0.0;0.0;0.0;0.0071174377224199285;0.0;0.0;0.0;0.0;0.0;0.0;0;0.0007117437722419928
flux;0.0;0.0;0.0;0.0071174377224199285;0.0;0.0;0.0;0.0;0.0;0.0;0;0.0007117437722419928
github action;0.0;0.0;0.0;0.0071174377224199285;0.0;0.0;0.0;0.0;0.0;0.0;0;0.0007117437722419928
grunt;0.0;0.0;0.0;0.0071174377224199285;0.0;0.0;0.0;0.0;0.0;0.0;0;0.0007117437722419928
houdini;0.0;0.0;0.0;0.0071174377224199285;0.0;0.0;0.0;0.0;0.0;0.0;0;0.0007117437722419928
i18next;0.0;0.0;0.0;0.0071174377224199285;0.0;0.0;0.0;0.0;0.0;0.0;0;0.0007117437722419928
iis server;0.0;0.0;0.0;0.0071174377224199285;0.0;0.0;0.0;0.0;0.0;0.0;0;0.0007117437722419928
itext7;0.0;0.0;0.0;0.0071174377224199285;0.0;0.0;0.0;0.0;0.0;0.0;0;0.0007117437722419928
jwt;0.0;0.0;0.0;0.0071174377224199285;0.0;0.0;0.0;0.0;0.0;0.0;0;0.0007117437722419928
knockoutjs/durandal;0.0;0.0;0.0;0.0071174377224199285;0.0;0.0;0.0;0.0;0.0;0.0;0;0.0007117437722419928
mercurial;0.0;0.0;0.0;0.0071174377224199285;0.0;0.0;0.0;0.0;0.0;0.0;0;0.0007117437722419928
microsoft .net;0.0;0.0;0.0;0.0071174377224199285;0.0;0.0;0.0;0.0;0.0;0.0;0;0.0007117437722419928
ms di;0.0;0.0;0.0;0.0071174377224199285;0.0;0.0;0.0;0.0;0.0;0.0;0;0.0007117437722419928
ms sql 2008;0.0;0.0;0.0;0.0071174377224199285;0.0;0.0;0.0;0.0;0.0;0.0;0;0.0007117437722419928
mssqlserver;0.0;0.0;0.0;0.0071174377224199285;0.0;0.0;0.0;0.0;0.0;0.0;0;0.0007117437722419928
navisworks;0.0;0.0;0.0;0.0071174377224199285;0.0;0.0;0.0;0.0;0.0;0.0;0;0.0007117437722419928
nlp;0.0;0.0;0.0;0.0071174377224199285;0.0;0.0;0.0;0.0;0.0;0.0;0;0.0007117437722419928
obj-c;0.0;0.0;0.0;0.0071174377224199285;0.0;0.0;0.0;0.0;0.0;0.0;0;0.0007117437722419928
olap;0.0;0.0;0.0;0.0071174377224199285;0.0;0.0;0.0;0.0;0.0;0.0;0;0.0007117437722419928
owasp dependency-track;0.0;0.0;0.0;0.0071174377224199285;0.0;0.0;0.0;0.0;0.0;0.0;0;0.0007117437722419928
owasp top-10;0.0;0.0;0.0;0.0071174377224199285;0.0;0.0;0.0;0.0;0.0;0.0;0;0.0007117437722419928
pix rpa;0.0;0.0;0.0;0.0071174377224199285;0.0;0.0;0.0;0.0;0.0;0.0;0;0.0007117437722419928
pl/sql;0.0;0.0;0.0;0.0071174377224199285;0.0;0.0;0.0;0.0;0.0;0.0;0;0.0007117437722419928
power bi;0.0;0.0;0.0;0.0071174377224199285;0.0;0.0;0.0;0.0;0.0;0.0;0;0.0007117437722419928
primo;0.0;0.0;0.0;0.0071174377224199285;0.0;0.0;0.0;0.0;0.0;0.0;0;0.0007117437722419928
ravendb;0.0;0.0;0.0;0.0071174377224199285;0.0;0.0;0.0;0.0;0.0;0.0;0;0.0007117437722419928
restsharp;0.0;0.0;0.0;0.0071174377224199285;0.0;0.0;0.0;0.0;0.0;0.0;0;0.0007117437722419928
robin;0.0;0.0;0.0;0.0071174377224199285;0.0;0.0;0.0;0.0;0.0;0.0;0;0.0007117437722419928
salute rpa;0.0;0.0;0.0;0.0071174377224199285;0.0;0.0;0.0;0.0;0.0;0.0;0;0.0007117437722419928
sapr;0.0;0.0;0.0;0.0071174377224199285;0.0;0.0;0.0;0.0;0.0;0.0;0;0.0007117437722419928
sbom;0.0;0.0;0.0;0.0071174377224199285;0.0;0.0;0.0;0.0;0.0;0.0;0;0.0007117437722419928
sca;0.0;0.0;0.0;0.0071174377224199285;0.0;0.0;0.0;0.0;0.0;0.0;0;0.0007117437722419928
scriban;0.0;0.0;0.0;0.0071174377224199285;0.0;0.0;0.0;0.0;0.0;0.0;0;0.0007117437722419928
selenoid;0.0;0.0;0.0;0.0071174377224199285;0.0;0.0;0.0;0.0;0.0;0.0;0;0.0007117437722419928
semgrep;0.0;0.0;0.0;0.0071174377224199285;0.0;0.0;0.0;0.0;0.0;0.0;0;0.0007117437722419928
sherpa;0.0;0.0;0.0;0.0071174377224199285;0.0;0.0;0.0;0.0;0.0;0.0;0;0.0007117437722419928
single page application;0.0;0.0;0.0;0.0071174377224199285;0.0;0.0;0.0;0.0;0.0;0.0;0;0.0007117437722419928
socket/tcpclient;0.0;0.0;0.0;0.0071174377224199285;0.0;0.0;0.0;0.0;0.0;0.0;0;0.0007117437722419928
solar appscreener;0.0;0.0;0.0;0.0071174377224199285;0.0;0.0;0.0;0.0;0.0;0.0;0;0.0007117437722419928
sql - ms sql server;0.0;0.0;0.0;0.0071174377224199285;0.0;0.0;0.0;0.0;0.0;0.0;0;0.0007117437722419928
styled-components;0.0;0.0;0.0;0.0071174377224199285;0.0;0.0;0.0;0.0;0.0;0.0;0;0.0007117437722419928
tech artist;0.0;0.0;0.0;0.0071174377224199285;0.0;0.0;0.0;0.0;0.0;0.0;0;0.0007117437722419928
tessa;0.0;0.0;0.0;0.0071174377224199285;0.0;0.0;0.0;0.0;0.0;0.0;0;0.0007117437722419928
test-design practices;0.0;0.0;0.0;0.0071174377224199285;0.0;0.0;0.0;0.0;0.0;0.0;0;0.0007117437722419928
tfs;0.0;0.0;0.0;0.0071174377224199285;0.0;0.0;0.0;0.0;0.0;0.0;0;0.0007117437722419928
timeline;0.0;0.0;0.0;0.0071174377224199285;0.0;0.0;0.0;0.0;0.0;0.0;0;0.0007117437722419928
trivy;0.0;0.0;0.0;0.0071174377224199285;0.0;0.0;0.0;0.0;0.0;0.0;0;0.0007117437722419928
ubuntu;0.0;0.0;0.0;0.0071174377224199285;0.0;0.0;0.0;0.0;0.0;0.0;0;0.0007117437722419928
unity3d;0.0;0.0;0.0;0.0071174377224199285;0.0;0.0;0.0;0.0;0.0;0.0;0;0.0007117437722419928
urp;0.0;0.0;0.0;0.0071174377224199285;0.0;0.0;0.0;0.0;0.0;0.0;0;0.0007117437722419928
user story mapping;0.0;0.0;0.0;0.0071174377224199285;0.0;0.0;0.0;0.0;0.0;0.0;0;0.0007117437722419928
web application security;0.0;0.0;0.0;0.0071174377224199285;0.0;0.0;0.0;0.0;0.0;0.0;0;0.0007117437722419928
webpack 4/5;0.0;0.0;0.0;0.0071174377224199285;0.0;0.0;0.0;0.0;0.0;0.0;0;0.0007117437722419928
websocket;0.0;0.0;0.0;0.0071174377224199285;0.0;0.0;0.0;0.0;0.0;0.0;0;0.0007117437722419928
yandex cloud;0.0;0.0;0.0;0.0071174377224199285;0.0;0.0;0.0;0.0;0.0;0.0;0;0.0007117437722419928
криптография;0.0;0.0;0.0;0.0071174377224199285;0.0;0.0;0.0;0.0;0.0;0.0;0;0.0007117437722419928
распределенные системы;0.0;0.0;0.0;0.0071174377224199285;0.0;0.0;0.0;0.0;0.0;0.0;0;0.0007117437722419928
системы безопасности;0.0;0.0;0.0;0.0071174377224199285;0.0;0.0;0.0;0.0;0.0;0.0;0;0.0007117437722419928
.net 3.5;0.0;0.0;0.0;0.0035587188612099642;0.0;0.0;0.0;0.0;0.0;0.0;0;0.0003558718861209964
.net 4.0;0.0;0.0;0.0;0.0035587188612099642;0.0;0.0;0.0;0.0;0.0;0.0;0;0.0003558718861209964
.net 4.5 и выше;0.0;0.0;0.0;0.0035587188612099642;0.0;0.0;0.0;0.0;0.0;0.0;0;0.0003558718861209964
.net 4.7.2;0.0;0.0;0.0;0.0035587188612099642;0.0;0.0;0.0;0.0;0.0;0.0;0;0.0003558718861209964
.net 6.0;0.0;0.0;0.0;0.0035587188612099642;0.0;0.0;0.0;0.0;0.0;0.0;0;0.0003558718861209964
.net 9;0.0;0.0;0.0;0.0035587188612099642;0.0;0.0;0.0;0.0;0.0;0.0;0;0.0003558718861209964
.net core (6.1 и выше);0.0;0.0;0.0;0.0035587188612099642;0.0;0.0;0.0;0.0;0.0;0.0;0;0.0003558718861209964
.net core (версии 6/7+);0.0;0.0;0.0;0.0035587188612099642;0.0;0.0;0.0;0.0;0.0;0.0;0;0.0003558718861209964
.net core (версии 7+);0.0;0.0;0.0;0.0035587188612099642;0.0;0.0;0.0;0.0;0.0;0.0;0;0.0003558718861209964
.net core 3+;0.0;0.0;0.0;0.0035587188612099642;0.0;0.0;0.0;0.0;0.0;0.0;0;0.0003558718861209964
.net core 6+;0.0;0.0;0.0;0.0035587188612099642;0.0;0.0;0.0;0.0;0.0;0.0;0;0.0003558718861209964
.net core worker;0.0;0.0;0.0;0.0035587188612099642;0.0;0.0;0.0;0.0;0.0;0.0;0;0.0003558718861209964
.net framework (4.5);0.0;0.0;0.0;0.0035587188612099642;0.0;0.0;0.0;0.0;0.0;0.0;0;0.0003558718861209964
.net framework (версия старше 4.8);0.0;0.0;0.0;0.0035587188612099642;0.0;0.0;0.0;0.0;0.0;0.0;0;0.0003558718861209964
.net/c#;0.0;0.0;0.0;0.0035587188612099642;0.0;0.0;0.0;0.0;0.0;0.0;0;0.0003558718861209964
.net6+;0.0;0.0;0.0;0.0035587188612099642;0.0;0.0;0.0;0.0;0.0;0.0;0;0.0003558718861209964
1с:унф;0.0;0.0;0.0;0.0035587188612099642;0.0;0.0;0.0;0.0;0.0;0.0;0;0.0003558718861209964
3d-моделирование;0.0;0.0;0.0;0.0035587188612099642;0.0;0.0;0.0;0.0;0.0;0.0;0;0.0003558718861209964
3d-физика;0.0;0.0;0.0;0.0035587188612099642;0.0;0.0;0.0;0.0;0.0;0.0;0;0.0003558718861209964
9-slice;0.0;0.0;0.0;0.0035587188612099642;0.0;0.0;0.0;0.0;0.0;0.0;0;0.0003558718861209964
aerodynamics;0.0;0.0;0.0;0.0035587188612099642;0.0;0.0;0.0;0.0;0.0;0.0;0;0.0003558718861209964
aggrid;0.0;0.0;0.0;0.0035587188612099642;0.0;0.0;0.0;0.0;0.0;0.0;0;0.0003558718861209964
agile methodologies;0.0;0.0;0.0;0.0035587188612099642;0.0;0.0;0.0;0.0;0.0;0.0;0;0.0003558718861209964
agile methodology;0.0;0.0;0.0;0.0035587188612099642;0.0;0.0;0.0;0.0;0.0;0.0;0;0.0003558718861209964
agile/scrum;0.0;0.0;0.0;0.0035587188612099642;0.0;0.0;0.0;0.0;0.0;0.0;0;0.0003558718861209964
algorithmic trading;0.0;0.0;0.0;0.0035587188612099642;0.0;0.0;0.0;0.0;0.0;0.0;0;0.0003558718861209964
algorithms;0.0;0.0;0.0;0.0035587188612099642;0.0;0.0;0.0;0.0;0.0;0.0;0;0.0003558718861209964
algoritmika;0.0;0.0;0.0;0.0035587188612099642;0.0;0.0;0.0;0.0;0.0;0.0;0;0.0003558718861209964
allure testops;0.0;0.0;0.0;0.0035587188612099642;0.0;0.0;0.0;0.0;0.0;0.0;0;0.0003558718861209964
altunitytester;0.0;0.0;0.0;0.0035587188612099642;0.0;0.0;0.0;0.0;0.0;0.0;0;0.0003558718861209964
android studio;0.0;0.0;0.0;0.0035587188612099642;0.0;0.0;0.0;0.0;0.0;0.0;0;0.0003558718861209964
antifraud;0.0;0.0;0.0;0.0035587188612099642;0.0;0.0;0.0;0.0;0.0;0.0;0;0.0003558718861209964
apache camel-k;0.0;0.0;0.0;0.0035587188612099642;0.0;0.0;0.0;0.0;0.0;0.0;0;0.0003558718861209964
apache spark;0.0;0.0;0.0;0.0035587188612099642;0.0;0.0;0.0;0.0;0.0;0.0;0;0.0003558718861209964
api graphql;0.0;0.0;0.0;0.0035587188612099642;0.0;0.0;0.0;0.0;0.0;0.0;0;0.0003558718861209964
api llm (qwen;0.0;0.0;0.0;0.0035587188612099642;0.0;0.0;0.0;0.0;0.0;0.0;0;0.0003558718861209964
api testing;0.0;0.0;0.0;0.0035587188612099642;0.0;0.0;0.0;0.0;0.0;0.0;0;0.0003558718861209964
"api: openai api; yandex foundation models; qwen; n8n";0.0;0.0;0.0;0.0035587188612099642;0.0;0.0;0.0;0.0;0.0;0.0;0;0.0003558718861209964
apicontroller;0.0;0.0;0.0;0.0035587188612099642;0.0;0.0;0.0;0.0;0.0;0.0;0;0.0003558718861209964
application;0.0;0.0;0.0;0.0035587188612099642;0.0;0.0;0.0;0.0;0.0;0.0;0;0.0003558718861209964
application insights;0.0;0.0;0.0;0.0035587188612099642;0.0;0.0;0.0;0.0;0.0;0.0;0;0.0003558718861209964
architectures;0.0;0.0;0.0;0.0035587188612099642;0.0;0.0;0.0;0.0;0.0;0.0;0;0.0003558718861209964
artifactory;0.0;0.0;0.0;0.0035587188612099642;0.0;0.0;0.0;0.0;0.0;0.0;0;0.0003558718861209964
asp net web api;0.0;0.0;0.0;0.0035587188612099642;0.0;0.0;0.0;0.0;0.0;0.0;0;0.0003558718861209964
asp.mvc;0.0;0.0;0.0;0.0035587188612099642;0.0;0.0;0.0;0.0;0.0;0.0;0;0.0003558718861209964
asp.net core 5+;0.0;0.0;0.0;0.0035587188612099642;0.0;0.0;0.0;0.0;0.0;0.0;0;0.0003558718861209964
asp.net core 6+;0.0;0.0;0.0;0.0035587188612099642;0.0;0.0;0.0;0.0;0.0;0.0;0;0.0003558718861209964
asp.net core minimal api;0.0;0.0;0.0;0.0035587188612099642;0.0;0.0;0.0;0.0;0.0;0.0;0;0.0003558718861209964
asp.net core web api;0.0;0.0;0.0;0.0035587188612099642;0.0;0.0;0.0;0.0;0.0;0.0;0;0.0003558718861209964
asp.net mvc4;0.0;0.0;0.0;0.0035587188612099642;0.0;0.0;0.0;0.0;0.0;0.0;0;0.0003558718861209964
asp.net web forms;0.0;0.0;0.0;0.0035587188612099642;0.0;0.0;0.0;0.0;0.0;0.0;0;0.0003558718861209964
asp.net webapi;0.0;0.0;0.0;0.0035587188612099642;0.0;0.0;0.0;0.0;0.0;0.0;0;0.0003558718861209964
asp.net/wcf/webapi/soap/restful;0.0;0.0;0.0;0.0035587188612099642;0.0;0.0;0.0;0.0;0.0;0.0;0;0.0003558718861209964
assimp;0.0;0.0;0.0;0.0035587188612099642;0.0;0.0;0.0;0.0;0.0;0.0;0;0.0003558718861209964
astralinux;0.0;0.0;0.0;0.0035587188612099642;0.0;0.0;0.0;0.0;0.0;0.0;0;0.0003558718861209964
async programming;0.0;0.0;0.0;0.0035587188612099642;0.0;0.0;0.0;0.0;0.0;0.0;0;0.0003558718861209964
asynchronous code;0.0;0.0;0.0;0.0035587188612099642;0.0;0.0;0.0;0.0;0.0;0.0;0;0.0003558718861209964
autofac;0.0;0.0;0.0;0.0035587188612099642;0.0;0.0;0.0;0.0;0.0;0.0;0;0.0003558718861209964
automated regression testing;0.0;0.0;0.0;0.0035587188612099642;0.0;0.0;0.0;0.0;0.0;0.0;0;0.0003558718861209964
automation architecture;0.0;0.0;0.0;0.0035587188612099642;0.0;0.0;0.0;0.0;0.0;0.0;0;0.0003558718861209964
azure data factory;0.0;0.0;0.0;0.0035587188612099642;0.0;0.0;0.0;0.0;0.0;0.0;0;0.0003558718861209964
azure devops server;0.0;0.0;0.0;0.0035587188612099642;0.0;0.0;0.0;0.0;0.0;0.0;0;0.0003558718861209964
b2c сервисы;0.0;0.0;0.0;0.0035587188612099642;0.0;0.0;0.0;0.0;0.0;0.0;0;0.0003558718861209964
bazel;0.0;0.0;0.0;0.0035587188612099642;0.0;0.0;0.0;0.0;0.0;0.0;0;0.0003558718861209964
bdd;0.0;0.0;0.0;0.0035587188612099642;0.0;0.0;0.0;0.0;0.0;0.0;0;0.0003558718861209964
bim-система;0.0;0.0;0.0;0.0035587188612099642;0.0;0.0;0.0;0.0;0.0;0.0;0;0.0003558718861209964
bitrix24;0.0;0.0;0.0;0.0035587188612099642;0.0;0.0;0.0;0.0;0.0;0.0;0;0.0003558718861209964
blue prism;0.0;0.0;0.0;0.0035587188612099642;0.0;0.0;0.0;0.0;0.0;0.0;0;0.0003558718861209964
bpm- платформа;0.0;0.0;0.0;0.0035587188612099642;0.0;0.0;0.0;0.0;0.0;0.0;0;0.0003558718861209964
brokers;0.0;0.0;0.0;0.0035587188612099642;0.0;0.0;0.0;0.0;0.0;0.0;0;0.0003558718861209964
bug bounty;0.0;0.0;0.0;0.0035587188612099642;0.0;0.0;0.0;0.0;0.0;0.0;0;0.0003558718861209964
bullet;0.0;0.0;0.0;0.0035587188612099642;0.0;0.0;0.0;0.0;0.0;0.0;0;0.0003558718861209964
c# .net;0.0;0.0;0.0;0.0035587188612099642;0.0;0.0;0.0;0.0;0.0;0.0;0;0.0003558718861209964
c++20;0.0;0.0;0.0;0.0035587188612099642;0.0;0.0;0.0;0.0;0.0;0.0;0;0.0003558718861209964
c/al;0.0;0.0;0.0;0.0035587188612099642;0.0;0.0;0.0;0.0;0.0;0.0;0;0.0003558718861209964
c3d;0.0;0.0;0.0;0.0035587188612099642;0.0;0.0;0.0;0.0;0.0;0.0;0;0.0003558718861209964
caching;0.0;0.0;0.0;0.0035587188612099642;0.0;0.0;0.0;0.0;0.0;0.0;0;0.0003558718861209964
cad;0.0;0.0;0.0;0.0035587188612099642;0.0;0.0;0.0;0.0;0.0;0.0;0;0.0003558718861209964
centos;0.0;0.0;0.0;0.0035587188612099642;0.0;0.0;0.0;0.0;0.0;0.0;0;0.0003558718861209964
cfd;0.0;0.0;0.0;0.0035587188612099642;0.0;0.0;0.0;0.0;0.0;0.0;0;0.0003558718861209964
checkmarx;0.0;0.0;0.0;0.0035587188612099642;0.0;0.0;0.0;0.0;0.0;0.0;0;0.0003558718861209964
ci/cd (gitlab ci);0.0;0.0;0.0;0.0035587188612099642;0.0;0.0;0.0;0.0;0.0;0.0;0;0.0003558718861209964
ci/cd инструменты (jenkins;0.0;0.0;0.0;0.0035587188612099642;0.0;0.0;0.0;0.0;0.0;0.0;0;0.0003558718861209964
circuit breaker;0.0;0.0;0.0;0.0035587188612099642;0.0;0.0;0.0;0.0;0.0;0.0;0;0.0003558718861209964
clean code;0.0;0.0;0.0;0.0035587188612099642;0.0;0.0;0.0;0.0;0.0;0.0;0;0.0003558718861209964
cloudnative;0.0;0.0;0.0;0.0035587188612099642;0.0;0.0;0.0;0.0;0.0;0.0;0;0.0003558718861209964
com;0.0;0.0;0.0;0.0035587188612099642;0.0;0.0;0.0;0.0;0.0;0.0;0;0.0003558718861209964
compliance;0.0;0.0;0.0;0.0035587188612099642;0.0;0.0;0.0;0.0;0.0;0.0;0;0.0003558718861209964
compose;0.0;0.0;0.0;0.0035587188612099642;0.0;0.0;0.0;0.0;0.0;0.0;0;0.0003558718861209964
conducting code reviews;0.0;0.0;0.0;0.0035587188612099642;0.0;0.0;0.0;0.0;0.0;0.0;0;0.0003558718861209964
confluent.kafka;0.0;0.0;0.0;0.0035587188612099642;0.0;0.0;0.0;0.0;0.0;0.0;0;0.0003558718861209964
continuous integration;0.0;0.0;0.0;0.0035587188612099642;0.0;0.0;0.0;0.0;0.0;0.0;0;0.0003558718861209964
crm systems;0.0;0.0;0.0;0.0035587188612099642;0.0;0.0;0.0;0.0;0.0;0.0;0;0.0003558718861209964
csta;0.0;0.0;0.0;0.0035587188612099642;0.0;0.0;0.0;0.0;0.0;0.0;0;0.0003558718861209964
ctf;0.0;0.0;0.0;0.0035587188612099642;0.0;0.0;0.0;0.0;0.0;0.0;0;0.0003558718861209964
cucumber;0.0;0.0;0.0;0.0035587188612099642;0.0;0.0;0.0;0.0;0.0;0.0;0;0.0003558718861209964
custom ecs;0.0;0.0;0.0;0.0035587188612099642;0.0;0.0;0.0;0.0;0.0;0.0;0;0.0003558718861209964
custom engines (not only unity);0.0;0.0;0.0;0.0035587188612099642;0.0;0.0;0.0;0.0;0.0;0.0;0;0.0003558718861209964
cypress;0.0;0.0;0.0;0.0035587188612099642;0.0;0.0;0.0;0.0;0.0;0.0;0;0.0003558718861209964
data analysis sdk;0.0;0.0;0.0;0.0035587188612099642;0.0;0.0;0.0;0.0;0.0;0.0;0;0.0003558718861209964
data governance;0.0;0.0;0.0;0.0035587188612099642;0.0;0.0;0.0;0.0;0.0;0.0;0;0.0003558718861209964
data quality;0.0;0.0;0.0;0.0035587188612099642;0.0;0.0;0.0;0.0;0.0;0.0;0;0.0003558718861209964
data structures;0.0;0.0;0.0;0.0035587188612099642;0.0;0.0;0.0;0.0;0.0;0.0;0;0.0003558718861209964
data);0.0;0.0;0.0;0.0035587188612099642;0.0;0.0;0.0;0.0;0.0;0.0;0;0.0003558718861209964
database design (mssql server);0.0;0.0;0.0;0.0035587188612099642;0.0;0.0;0.0;0.0;0.0;0.0;0;0.0003558718861209964
database management;0.0;0.0;0.0;0.0035587188612099642;0.0;0.0;0.0;0.0;0.0;0.0;0;0.0003558718861209964
database optimization;0.0;0.0;0.0;0.0035587188612099642;0.0;0.0;0.0;0.0;0.0;0.0;0;0.0003558718861209964
dax;0.0;0.0;0.0;0.0035587188612099642;0.0;0.0;0.0;0.0;0.0;0.0;0;0.0003558718861209964
ddos;0.0;0.0;0.0;0.0035587188612099642;0.0;0.0;0.0;0.0;0.0;0.0;0;0.0003558718861209964
dds (directum development studio);0.0;0.0;0.0;0.0035587188612099642;0.0;0.0;0.0;0.0;0.0;0.0;0;0.0003558718861209964
deadlocks;0.0;0.0;0.0;0.0035587188612099642;0.0;0.0;0.0;0.0;0.0;0.0;0;0.0003558718861209964
deepseek;0.0;0.0;0.0;0.0035587188612099642;0.0;0.0;0.0;0.0;0.0;0.0;0;0.0003558718861209964
delphi;0.0;0.0;0.0;0.0035587188612099642;0.0;0.0;0.0;0.0;0.0;0.0;0;0.0003558718861209964
devexpress forms;0.0;0.0;0.0;0.0035587188612099642;0.0;0.0;0.0;0.0;0.0;0.0;0;0.0003558718861209964
devsecops;0.0;0.0;0.0;0.0035587188612099642;0.0;0.0;0.0;0.0;0.0;0.0;0;0.0003558718861209964
devtools;0.0;0.0;0.0;0.0035587188612099642;0.0;0.0;0.0;0.0;0.0;0.0;0;0.0003558718861209964
directumrx;0.0;0.0;0.0;0.0035587188612099642;0.0;0.0;0.0;0.0;0.0;0.0;0;0.0003558718861209964
directx 11;0.0;0.0;0.0;0.0035587188612099642;0.0;0.0;0.0;0.0;0.0;0.0;0;0.0003558718861209964
discord api;0.0;0.0;0.0;0.0035587188612099642;0.0;0.0;0.0;0.0;0.0;0.0;0;0.0003558718861209964
distributed system;0.0;0.0;0.0;0.0035587188612099642;0.0;0.0;0.0;0.0;0.0;0.0;0;0.0003558718861209964
dockerfile;0.0;0.0;0.0;0.0035587188612099642;0.0;0.0;0.0;0.0;0.0;0.0;0;0.0003558718861209964
dotnet 6-8;0.0;0.0;0.0;0.0035587188612099642;0.0;0.0;0.0;0.0;0.0;0.0;0;0.0003558718861209964
dottrace;0.0;0.0;0.0;0.0035587188612099642;0.0;0.0;0.0;0.0;0.0;0.0;0;0.0003558718861209964
dotween;0.0;0.0;0.0;0.0035587188612099642;0.0;0.0;0.0;0.0;0.0;0.0;0;0.0003558718861209964
echarts;0.0;0.0;0.0;0.0035587188612099642;0.0;0.0;0.0;0.0;0.0;0.0;0;0.0003558718861209964
eclipse vert.x;0.0;0.0;0.0;0.0035587188612099642;0.0;0.0;0.0;0.0;0.0;0.0;0;0.0003558718861209964
ecm;0.0;0.0;0.0;0.0035587188612099642;0.0;0.0;0.0;0.0;0.0;0.0;0;0.0003558718861209964
eda;0.0;0.0;0.0;0.0035587188612099642;0.0;0.0;0.0;0.0;0.0;0.0;0;0.0003558718861209964
ef core6;0.0;0.0;0.0;0.0035587188612099642;0.0;0.0;0.0;0.0;0.0;0.0;0;0.0003558718861209964
electronic document management;0.0;0.0;0.0;0.0035587188612099642;0.0;0.0;0.0;0.0;0.0;0.0;0;0.0003558718861209964
element plus;0.0;0.0;0.0;0.0035587188612099642;0.0;0.0;0.0;0.0;0.0;0.0;0;0.0003558718861209964
elma;0.0;0.0;0.0;0.0035587188612099642;0.0;0.0;0.0;0.0;0.0;0.0;0;0.0003558718861209964
elma365;0.0;0.0;0.0;0.0035587188612099642;0.0;0.0;0.0;0.0;0.0;0.0;0;0.0003558718861209964
enterprise;0.0;0.0;0.0;0.0035587188612099642;0.0;0.0;0.0;0.0;0.0;0.0;0;0.0003558718861209964
entity framework core 6;0.0;0.0;0.0;0.0035587188612099642;0.0;0.0;0.0;0.0;0.0;0.0;0;0.0003558718861209964
etcd;0.0;0.0;0.0;0.0035587188612099642;0.0;0.0;0.0;0.0;0.0;0.0;0;0.0003558718861209964
express;0.0;0.0;0.0;0.0035587188612099642;0.0;0.0;0.0;0.0;0.0;0.0;0;0.0003558718861209964
fastbuild;0.0;0.0;0.0;0.0035587188612099642;0.0;0.0;0.0;0.0;0.0;0.0;0;0.0003558718861209964
flight dynamics;0.0;0.0;0.0;0.0035587188612099642;0.0;0.0;0.0;0.0;0.0;0.0;0;0.0003558718861209964
forex;0.0;0.0;0.0;0.0035587188612099642;0.0;0.0;0.0;0.0;0.0;0.0;0;0.0003558718861209964
fps;0.0;0.0;0.0;0.0035587188612099642;0.0;0.0;0.0;0.0;0.0;0.0;0;0.0003558718861209964
gameplay game designer;0.0;0.0;0.0;0.0035587188612099642;0.0;0.0;0.0;0.0;0.0;0.0;0;0.0003558718861209964
gcp;0.0;0.0;0.0;0.0035587188612099642;0.0;0.0;0.0;0.0;0.0;0.0;0;0.0003558718861209964
gcp/aws;0.0;0.0;0.0;0.0035587188612099642;0.0;0.0;0.0;0.0;0.0;0.0;0;0.0003558718861209964
gdpr;0.0;0.0;0.0;0.0035587188612099642;0.0;0.0;0.0;0.0;0.0;0.0;0;0.0003558718861209964
geympley balans;0.0;0.0;0.0;0.0035587188612099642;0.0;0.0;0.0;0.0;0.0;0.0;0;0.0003558718861209964
git lab;0.0;0.0;0.0;0.0035587188612099642;0.0;0.0;0.0;0.0;0.0;0.0;0;0.0003558718861209964
git lfs;0.0;0.0;0.0;0.0035587188612099642;0.0;0.0;0.0;0.0;0.0;0.0;0;0.0003558718861209964
git-flow;0.0;0.0;0.0;0.0035587188612099642;0.0;0.0;0.0;0.0;0.0;0.0;0;0.0003558718861209964
github flow;0.0;0.0;0.0;0.0035587188612099642;0.0;0.0;0.0;0.0;0.0;0.0;0;0.0003558718861209964
gitlab ci);0.0;0.0;0.0;0.0035587188612099642;0.0;0.0;0.0;0.0;0.0;0.0;0;0.0003558718861209964
gof patterns;0.0;0.0;0.0;0.0035587188612099642;0.0;0.0;0.0;0.0;0.0;0.0;0;0.0003558718861209964
google gemini);0.0;0.0;0.0;0.0035587188612099642;0.0;0.0;0.0;0.0;0.0;0.0;0;0.0003558718861209964
google test;0.0;0.0;0.0;0.0035587188612099642;0.0;0.0;0.0;0.0;0.0;0.0;0;0.0003558718861209964
greendate;0.0;0.0;0.0;0.0035587188612099642;0.0;0.0;0.0;0.0;0.0;0.0;0;0.0003558718861209964
gtest;0.0;0.0;0.0;0.0035587188612099642;0.0;0.0;0.0;0.0;0.0;0.0;0;0.0003558718861209964
harbour;0.0;0.0;0.0;0.0035587188612099642;0.0;0.0;0.0;0.0;0.0;0.0;0;0.0003558718861209964
hashicorp vault;0.0;0.0;0.0;0.0035587188612099642;0.0;0.0;0.0;0.0;0.0;0.0;0;0.0003558718861209964
haystack;0.0;0.0;0.0;0.0035587188612099642;0.0;0.0;0.0;0.0;0.0;0.0;0;0.0003558718861209964
hexagonal architecture;0.0;0.0;0.0;0.0035587188612099642;0.0;0.0;0.0;0.0;0.0;0.0;0;0.0003558718861209964
hibernate orm;0.0;0.0;0.0;0.0035587188612099642;0.0;0.0;0.0;0.0;0.0;0.0;0;0.0003558718861209964
high performance;0.0;0.0;0.0;0.0035587188612099642;0.0;0.0;0.0;0.0;0.0;0.0;0;0.0003558718861209964
html 5;0.0;0.0;0.0;0.0035587188612099642;0.0;0.0;0.0;0.0;0.0;0.0;0;0.0003558718861209964
http api;0.0;0.0;0.0;0.0035587188612099642;0.0;0.0;0.0;0.0;0.0;0.0;0;0.0003558718861209964
http rest api;0.0;0.0;0.0;0.0035587188612099642;0.0;0.0;0.0;0.0;0.0;0.0;0;0.0003558718861209964
httpclient;0.0;0.0;0.0;0.0035587188612099642;0.0;0.0;0.0;0.0;0.0;0.0;0;0.0003558718861209964
hyperion;0.0;0.0;0.0;0.0035587188612099642;0.0;0.0;0.0;0.0;0.0;0.0;0;0.0003558718861209964
iac;0.0;0.0;0.0;0.0035587188612099642;0.0;0.0;0.0;0.0;0.0;0.0;0;0.0003558718861209964
iast;0.0;0.0;0.0;0.0035587188612099642;0.0;0.0;0.0;0.0;0.0;0.0;0;0.0003558718861209964
ibm demandtec;0.0;0.0;0.0;0.0035587188612099642;0.0;0.0;0.0;0.0;0.0;0.0;0;0.0003558718861209964
ibm mq;0.0;0.0;0.0;0.0035587188612099642;0.0;0.0;0.0;0.0;0.0;0.0;0;0.0003558718861209964
ifcplusplus;0.0;0.0;0.0;0.0035587188612099642;0.0;0.0;0.0;0.0;0.0;0.0;0;0.0003558718861209964
improving project architecture;0.0;0.0;0.0;0.0035587188612099642;0.0;0.0;0.0;0.0;0.0;0.0;0;0.0003558718861209964
inforcrm;0.0;0.0;0.0;0.0035587188612099642;0.0;0.0;0.0;0.0;0.0;0.0;0;0.0003558718861209964
infrastructure;0.0;0.0;0.0;0.0035587188612099642;0.0;0.0;0.0;0.0;0.0;0.0;0;0.0003558718861209964
integration rest api;0.0;0.0;0.0;0.0035587188612099642;0.0;0.0;0.0;0.0;0.0;0.0;0;0.0003558718861209964
integration with external web services;0.0;0.0;0.0;0.0035587188612099642;0.0;0.0;0.0;0.0;0.0;0.0;0;0.0003558718861209964
intermech ips;0.0;0.0;0.0;0.0035587188612099642;0.0;0.0;0.0;0.0;0.0;0.0;0;0.0003558718861209964
ioc;0.0;0.0;0.0;0.0035587188612099642;0.0;0.0;0.0;0.0;0.0;0.0;0;0.0003558718861209964
ios;0.0;0.0;0.0;0.0035587188612099642;0.0;0.0;0.0;0.0;0.0;0.0;0;0.0003558718861209964
iso 19650;0.0;0.0;0.0;0.0035587188612099642;0.0;0.0;0.0;0.0;0.0;0.0;0;0.0003558718861209964
iso 27001;0.0;0.0;0.0;0.0035587188612099642;0.0;0.0;0.0;0.0;0.0;0.0;0;0.0003558718861209964
it-servicing;0.0;0.0;0.0;0.0035587188612099642;0.0;0.0;0.0;0.0;0.0;0.0;0;0.0003558718861209964
iоc;0.0;0.0;0.0;0.0035587188612099642;0.0;0.0;0.0;0.0;0.0;0.0;0;0.0003558718861209964
j2e;0.0;0.0;0.0;0.0035587188612099642;0.0;0.0;0.0;0.0;0.0;0.0;0;0.0003558718861209964
jasper reports;0.0;0.0;0.0;0.0035587188612099642;0.0;0.0;0.0;0.0;0.0;0.0;0;0.0003558718861209964
javascript (es6);0.0;0.0;0.0;0.0035587188612099642;0.0;0.0;0.0;0.0;0.0;0.0;0;0.0003558718861209964
jest;0.0;0.0;0.0;0.0035587188612099642;0.0;0.0;0.0;0.0;0.0;0.0;0;0.0003558718861209964
jhipster;0.0;0.0;0.0;0.0035587188612099642;0.0;0.0;0.0;0.0;0.0;0.0;0;0.0003558718861209964
jira x-ray;0.0;0.0;0.0;0.0035587188612099642;0.0;0.0;0.0;0.0;0.0;0.0;0;0.0003558718861209964
jira/redmine;0.0;0.0;0.0;0.0035587188612099642;0.0;0.0;0.0;0.0;0.0;0.0;0;0.0003558718861209964
json редакторы;0.0;0.0;0.0;0.0035587188612099642;0.0;0.0;0.0;0.0;0.0;0.0;0;0.0003558718861209964
jwt authentication;0.0;0.0;0.0;0.0035587188612099642;0.0;0.0;0.0;0.0;0.0;0.0;0;0.0003558718861209964
kvm like;0.0;0.0;0.0;0.0035587188612099642;0.0;0.0;0.0;0.0;0.0;0.0;0;0.0003558718861209964
langchain;0.0;0.0;0.0;0.0035587188612099642;0.0;0.0;0.0;0.0;0.0;0.0;0;0.0003558718861209964
ldt;0.0;0.0;0.0;0.0035587188612099642;0.0;0.0;0.0;0.0;0.0;0.0;0;0.0003558718861209964
lean software production;0.0;0.0;0.0;0.0035587188612099642;0.0;0.0;0.0;0.0;0.0;0.0;0;0.0003558718861209964
libvirt;0.0;0.0;0.0;0.0035587188612099642;0.0;0.0;0.0;0.0;0.0;0.0;0;0.0003558718861209964
llamaindex;0.0;0.0;0.0;0.0035587188612099642;0.0;0.0;0.0;0.0;0.0;0.0;0;0.0003558718861209964
llm (языковые модели);0.0;0.0;0.0;0.0035587188612099642;0.0;0.0;0.0;0.0;0.0;0.0;0;0.0003558718861209964
llm-агенты;0.0;0.0;0.0;0.0035587188612099642;0.0;0.0;0.0;0.0;0.0;0.0;0;0.0003558718861209964
load balancing;0.0;0.0;0.0;0.0035587188612099642;0.0;0.0;0.0;0.0;0.0;0.0;0;0.0003558718861209964
low latency;0.0;0.0;0.0;0.0035587188612099642;0.0;0.0;0.0;0.0;0.0;0.0;0;0.0003558718861209964
ls retail;0.0;0.0;0.0;0.0035587188612099642;0.0;0.0;0.0;0.0;0.0;0.0;0;0.0003558718861209964
making minor frontend adjustments;0.0;0.0;0.0;0.0035587188612099642;0.0;0.0;0.0;0.0;0.0;0.0;0;0.0003558718861209964
marathon;0.0;0.0;0.0;0.0035587188612099642;0.0;0.0;0.0;0.0;0.0;0.0;0;0.0003558718861209964
mathematics;0.0;0.0;0.0;0.0035587188612099642;0.0;0.0;0.0;0.0;0.0;0.0;0;0.0003558718861209964
maui(xamarin);0.0;0.0;0.0;0.0035587188612099642;0.0;0.0;0.0;0.0;0.0;0.0;0;0.0003558718861209964
mdx;0.0;0.0;0.0;0.0035587188612099642;0.0;0.0;0.0;0.0;0.0;0.0;0;0.0003558718861209964
mesos;0.0;0.0;0.0;0.0035587188612099642;0.0;0.0;0.0;0.0;0.0;0.0;0;0.0003558718861209964
metalurgy;0.0;0.0;0.0;0.0035587188612099642;0.0;0.0;0.0;0.0;0.0;0.0;0;0.0003558718861209964
microbit;0.0;0.0;0.0;0.0035587188612099642;0.0;0.0;0.0;0.0;0.0;0.0;0;0.0003558718861209964
microfocus fortify;0.0;0.0;0.0;0.0035587188612099642;0.0;0.0;0.0;0.0;0.0;0.0;0;0.0003558718861209964
microsoft 365;0.0;0.0;0.0;0.0035587188612099642;0.0;0.0;0.0;0.0;0.0;0.0;0;0.0003558718861209964
microsoft ssis;0.0;0.0;0.0;0.0035587188612099642;0.0;0.0;0.0;0.0;0.0;0.0;0;0.0003558718861209964
microsoft visual studio 2012/2015;0.0;0.0;0.0;0.0035587188612099642;0.0;0.0;0.0;0.0;0.0;0.0;0;0.0003558718861209964
mikroservis;0.0;0.0;0.0;0.0035587188612099642;0.0;0.0;0.0;0.0;0.0;0.0;0;0.0003558718861209964
minio;0.0;0.0;0.0;0.0035587188612099642;0.0;0.0;0.0;0.0;0.0;0.0;0;0.0003558718861209964
mistral;0.0;0.0;0.0;0.0035587188612099642;0.0;0.0;0.0;0.0;0.0;0.0;0;0.0003558718861209964
ml/ai;0.0;0.0;0.0;0.0035587188612099642;0.0;0.0;0.0;0.0;0.0;0.0;0;0.0003558718861209964
ml/dl;0.0;0.0;0.0;0.0035587188612099642;0.0;0.0;0.0;0.0;0.0;0.0;0;0.0003558718861209964
mlm;0.0;0.0;0.0;0.0035587188612099642;0.0;0.0;0.0;0.0;0.0;0.0;0;0.0003558718861209964
mlm-системы;0.0;0.0;0.0;0.0035587188612099642;0.0;0.0;0.0;0.0;0.0;0.0;0;0.0003558718861209964
mobile applications security;0.0;0.0;0.0;0.0035587188612099642;0.0;0.0;0.0;0.0;0.0;0.0;0;0.0003558718861209964
mobile game development;0.0;0.0;0.0;0.0035587188612099642;0.0;0.0;0.0;0.0;0.0;0.0;0;0.0003558718861209964
mocha;0.0;0.0;0.0;0.0035587188612099642;0.0;0.0;0.0;0.0;0.0;0.0;0;0.0003558718861209964
modbus;0.0;0.0;0.0;0.0035587188612099642;0.0;0.0;0.0;0.0;0.0;0.0;0;0.0003558718861209964
moment.js;0.0;0.0;0.0;0.0035587188612099642;0.0;0.0;0.0;0.0;0.0;0.0;0;0.0003558718861209964
ms dynamics nav;0.0;0.0;0.0;0.0035587188612099642;0.0;0.0;0.0;0.0;0.0;0.0;0;0.0003558718861209964
ms sql 2016;0.0;0.0;0.0;0.0035587188612099642;0.0;0.0;0.0;0.0;0.0;0.0;0;0.0003558718861209964
ms sql management studio;0.0;0.0;0.0;0.0035587188612099642;0.0;0.0;0.0;0.0;0.0;0.0;0;0.0003558718861209964
ms visual studio;0.0;0.0;0.0;0.0035587188612099642;0.0;0.0;0.0;0.0;0.0;0.0;0;0.0003558718861209964
ms visual studio 2019/2022;0.0;0.0;0.0;0.0035587188612099642;0.0;0.0;0.0;0.0;0.0;0.0;0;0.0003558718861209964
msa (monolithic to microservices architecture);0.0;0.0;0.0;0.0035587188612099642;0.0;0.0;0.0;0.0;0.0;0.0;0;0.0003558718861209964
mssq;0.0;0.0;0.0;0.0035587188612099642;0.0;0.0;0.0;0.0;0.0;0.0;0;0.0003558718861209964
n-layer architecture;0.0;0.0;0.0;0.0035587188612099642;0.0;0.0;0.0;0.0;0.0;0.0;0;0.0003558718861209964
nats + jetstream;0.0;0.0;0.0;0.0035587188612099642;0.0;0.0;0.0;0.0;0.0;0.0;0;0.0003558718861209964
nbomber;0.0;0.0;0.0;0.0035587188612099642;0.0;0.0;0.0;0.0;0.0;0.0;0;0.0003558718861209964
nest js;0.0;0.0;0.0;0.0035587188612099642;0.0;0.0;0.0;0.0;0.0;0.0;0;0.0003558718861209964
nestjs;0.0;0.0;0.0;0.0035587188612099642;0.0;0.0;0.0;0.0;0.0;0.0;0;0.0003558718861209964
net;0.0;0.0;0.0;0.0035587188612099642;0.0;0.0;0.0;0.0;0.0;0.0;0;0.0003558718861209964
net core/.net 5+;0.0;0.0;0.0;0.0035587188612099642;0.0;0.0;0.0;0.0;0.0;0.0;0;0.0003558718861209964
ngrx;0.0;0.0;0.0;0.0035587188612099642;0.0;0.0;0.0;0.0;0.0;0.0;0;0.0003558718861209964
ngxs;0.0;0.0;0.0;0.0035587188612099642;0.0;0.0;0.0;0.0;0.0;0.0;0;0.0003558718861209964
nifi;0.0;0.0;0.0;0.0035587188612099642;0.0;0.0;0.0;0.0;0.0;0.0;0;0.0003558718861209964
nist;0.0;0.0;0.0;0.0035587188612099642;0.0;0.0;0.0;0.0;0.0;0.0;0;0.0003558718861209964
no-code;0.0;0.0;0.0;0.0035587188612099642;0.0;0.0;0.0;0.0;0.0;0.0;0;0.0003558718861209964
node js;0.0;0.0;0.0;0.0035587188612099642;0.0;0.0;0.0;0.0;0.0;0.0;0;0.0003558718861209964
nативные приложения;0.0;0.0;0.0;0.0035587188612099642;0.0;0.0;0.0;0.0;0.0;0.0;0;0.0003558718861209964
object pascal (delphi);0.0;0.0;0.0;0.0035587188612099642;0.0;0.0;0.0;0.0;0.0;0.0;0;0.0003558718861209964
ocr;0.0;0.0;0.0;0.0035587188612099642;0.0;0.0;0.0;0.0;0.0;0.0;0;0.0003558718861209964
oculus integration;0.0;0.0;0.0;0.0035587188612099642;0.0;0.0;0.0;0.0;0.0;0.0;0;0.0003558718861209964
oda;0.0;0.0;0.0;0.0035587188612099642;0.0;0.0;0.0;0.0;0.0;0.0;0;0.0003558718861209964
online gaming development;0.0;0.0;0.0;0.0035587188612099642;0.0;0.0;0.0;0.0;0.0;0.0;0;0.0003558718861209964
ooad;0.0;0.0;0.0;0.0035587188612099642;0.0;0.0;0.0;0.0;0.0;0.0;0;0.0003558718861209964
openai;0.0;0.0;0.0;0.0035587188612099642;0.0;0.0;0.0;0.0;0.0;0.0;0;0.0003558718861209964
openran;0.0;0.0;0.0;0.0035587188612099642;0.0;0.0;0.0;0.0;0.0;0.0;0;0.0003558718861209964
openui5;0.0;0.0;0.0;0.0035587188612099642;0.0;0.0;0.0;0.0;0.0;0.0;0;0.0003558718861209964
optimization;0.0;0.0;0.0;0.0035587188612099642;0.0;0.0;0.0;0.0;0.0;0.0;0;0.0003558718861209964
optimization (cpu/gpu;0.0;0.0;0.0;0.0035587188612099642;0.0;0.0;0.0;0.0;0.0;0.0;0;0.0003558718861209964
oracle bi;0.0;0.0;0.0;0.0035587188612099642;0.0;0.0;0.0;0.0;0.0;0.0;0;0.0003558718861209964
oracle database;0.0;0.0;0.0;0.0035587188612099642;0.0;0.0;0.0;0.0;0.0;0.0;0;0.0003558718861209964
oracle pl/sql;0.0;0.0;0.0;0.0035587188612099642;0.0;0.0;0.0;0.0;0.0;0.0;0;0.0003558718861209964
osa;0.0;0.0;0.0;0.0035587188612099642;0.0;0.0;0.0;0.0;0.0;0.0;0;0.0003558718861209964
owasp zap;0.0;0.0;0.0;0.0035587188612099642;0.0;0.0;0.0;0.0;0.0;0.0;0;0.0003558718861209964
package.json;0.0;0.0;0.0;0.0035587188612099642;0.0;0.0;0.0;0.0;0.0;0.0;0;0.0003558718861209964
pageobject;0.0;0.0;0.0;0.0035587188612099642;0.0;0.0;0.0;0.0;0.0;0.0;0;0.0003558718861209964
patroni;0.0;0.0;0.0;0.0035587188612099642;0.0;0.0;0.0;0.0;0.0;0.0;0;0.0003558718861209964
pci dss;0.0;0.0;0.0;0.0035587188612099642;0.0;0.0;0.0;0.0;0.0;0.0;0;0.0003558718861209964
pdm;0.0;0.0;0.0;0.0035587188612099642;0.0;0.0;0.0;0.0;0.0;0.0;0;0.0003558718861209964
performance;0.0;0.0;0.0;0.0035587188612099642;0.0;0.0;0.0;0.0;0.0;0.0;0;0.0003558718861209964
performance tuning;0.0;0.0;0.0;0.0035587188612099642;0.0;0.0;0.0;0.0;0.0;0.0;0;0.0003558718861209964
personal account management;0.0;0.0;0.0;0.0035587188612099642;0.0;0.0;0.0;0.0;0.0;0.0;0;0.0003558718861209964
plastic scm;0.0;0.0;0.0;0.0035587188612099642;0.0;0.0;0.0;0.0;0.0;0.0;0;0.0003558718861209964
play;0.0;0.0;0.0;0.0035587188612099642;0.0;0.0;0.0;0.0;0.0;0.0;0;0.0003558718861209964
playground;0.0;0.0;0.0;0.0035587188612099642;0.0;0.0;0.0;0.0;0.0;0.0;0;0.0003558718861209964
plm;0.0;0.0;0.0;0.0035587188612099642;0.0;0.0;0.0;0.0;0.0;0.0;0;0.0003558718861209964
poetry.lock;0.0;0.0;0.0;0.0035587188612099642;0.0;0.0;0.0;0.0;0.0;0.0;0;0.0003558718861209964
portainer;0.0;0.0;0.0;0.0035587188612099642;0.0;0.0;0.0;0.0;0.0;0.0;0;0.0003558718861209964
postgis;0.0;0.0;0.0;0.0035587188612099642;0.0;0.0;0.0;0.0;0.0;0.0;0;0.0003558718861209964
postgresql/mssql/mysql;0.0;0.0;0.0;0.0035587188612099642;0.0;0.0;0.0;0.0;0.0;0.0;0;0.0003558718861209964
powerautomate;0.0;0.0;0.0;0.0035587188612099642;0.0;0.0;0.0;0.0;0.0;0.0;0;0.0003558718861209964
product development lifecycle;0.0;0.0;0.0;0.0035587188612099642;0.0;0.0;0.0;0.0;0.0;0.0;0;0.0003558718861209964
prostore;0.0;0.0;0.0;0.0035587188612099642;0.0;0.0;0.0;0.0;0.0;0.0;0;0.0003558718861209964
pt application inspector;0.0;0.0;0.0;0.0035587188612099642;0.0;0.0;0.0;0.0;0.0;0.0;0;0.0003558718861209964
qemu-kvm;0.0;0.0;0.0;0.0035587188612099642;0.0;0.0;0.0;0.0;0.0;0.0;0;0.0003558718861209964
qlik sense;0.0;0.0;0.0;0.0035587188612099642;0.0;0.0;0.0;0.0;0.0;0.0;0;0.0003558718861209964
qlikview;0.0;0.0;0.0;0.0035587188612099642;0.0;0.0;0.0;0.0;0.0;0.0;0;0.0003558718861209964
qt 5;0.0;0.0;0.0;0.0035587188612099642;0.0;0.0;0.0;0.0;0.0;0.0;0;0.0003558718861209964
quarkus;0.0;0.0;0.0;0.0035587188612099642;0.0;0.0;0.0;0.0;0.0;0.0;0;0.0003558718861209964
quasar framework;0.0;0.0;0.0;0.0035587188612099642;0.0;0.0;0.0;0.0;0.0;0.0;0;0.0003558718861209964
rag системы;0.0;0.0;0.0;0.0035587188612099642;0.0;0.0;0.0;0.0;0.0;0.0;0;0.0003558718861209964
razor (asp.net);0.0;0.0;0.0;0.0035587188612099642;0.0;0.0;0.0;0.0;0.0;0.0;0;0.0003558718861209964
rdbms;0.0;0.0;0.0;0.0035587188612099642;0.0;0.0;0.0;0.0;0.0;0.0;0;0.0003558718861209964
react 18+;0.0;0.0;0.0;0.0035587188612099642;0.0;0.0;0.0;0.0;0.0;0.0;0;0.0003558718861209964
reactiveui;0.0;0.0;0.0;0.0035587188612099642;0.0;0.0;0.0;0.0;0.0;0.0;0;0.0003558718861209964
real time;0.0;0.0;0.0;0.0035587188612099642;0.0;0.0;0.0;0.0;0.0;0.0;0;0.0003558718861209964
real-time systems;0.0;0.0;0.0;0.0035587188612099642;0.0;0.0;0.0;0.0;0.0;0.0;0;0.0003558718861209964
realtime data synchronization;0.0;0.0;0.0;0.0035587188612099642;0.0;0.0;0.0;0.0;0.0;0.0;0;0.0003558718861209964
redis (valkey);0.0;0.0;0.0;0.0035587188612099642;0.0;0.0;0.0;0.0;0.0;0.0;0;0.0003558718861209964
redux saga;0.0;0.0;0.0;0.0035587188612099642;0.0;0.0;0.0;0.0;0.0;0.0;0;0.0003558718861209964
redux/mobx/context api;0.0;0.0;0.0;0.0035587188612099642;0.0;0.0;0.0;0.0;0.0;0.0;0;0.0003558718861209964
reporting and visualization;0.0;0.0;0.0;0.0035587188612099642;0.0;0.0;0.0;0.0;0.0;0.0;0;0.0003558718861209964
requirejs;0.0;0.0;0.0;0.0035587188612099642;0.0;0.0;0.0;0.0;0.0;0.0;0;0.0003558718861209964
resilience patterns;0.0;0.0;0.0;0.0035587188612099642;0.0;0.0;0.0;0.0;0.0;0.0;0;0.0003558718861209964
restclient for unity;0.0;0.0;0.0;0.0035587188612099642;0.0;0.0;0.0;0.0;0.0;0.0;0;0.0003558718861209964
restful api;0.0;0.0;0.0;0.0035587188612099642;0.0;0.0;0.0;0.0;0.0;0.0;0;0.0003558718861209964
restful services;0.0;0.0;0.0;0.0035587188612099642;0.0;0.0;0.0;0.0;0.0;0.0;0;0.0003558718861209964
revit api;0.0;0.0;0.0;0.0035587188612099642;0.0;0.0;0.0;0.0;0.0;0.0;0;0.0003558718861209964
rocky;0.0;0.0;0.0;0.0035587188612099642;0.0;0.0;0.0;0.0;0.0;0.0;0;0.0003558718861209964
rostelecom solar;0.0;0.0;0.0;0.0035587188612099642;0.0;0.0;0.0;0.0;0.0;0.0;0;0.0003558718861209964
rts games;0.0;0.0;0.0;0.0035587188612099642;0.0;0.0;0.0;0.0;0.0;0.0;0;0.0003558718861209964
saga;0.0;0.0;0.0;0.0035587188612099642;0.0;0.0;0.0;0.0;0.0;0.0;0;0.0003558718861209964
saleslogix;0.0;0.0;0.0;0.0035587188612099642;0.0;0.0;0.0;0.0;0.0;0.0;0;0.0003558718861209964
sap cloud;0.0;0.0;0.0;0.0035587188612099642;0.0;0.0;0.0;0.0;0.0;0.0;0;0.0003558718861209964
sberbank-servis;0.0;0.0;0.0;0.0035587188612099642;0.0;0.0;0.0;0.0;0.0;0.0;0;0.0003558718861209964
scaling;0.0;0.0;0.0;0.0035587188612099642;0.0;0.0;0.0;0.0;0.0;0.0;0;0.0003558718861209964
scikit-learn;0.0;0.0;0.0;0.0035587188612099642;0.0;0.0;0.0;0.0;0.0;0.0;0;0.0003558718861209964
scriptableobjects;0.0;0.0;0.0;0.0035587188612099642;0.0;0.0;0.0;0.0;0.0;0.0;0;0.0003558718861209964
scrum/kanban;0.0;0.0;0.0;0.0035587188612099642;0.0;0.0;0.0;0.0;0.0;0.0;0;0.0003558718861209964
sdlc;0.0;0.0;0.0;0.0035587188612099642;0.0;0.0;0.0;0.0;0.0;0.0;0;0.0003558718861209964
security;0.0;0.0;0.0;0.0035587188612099642;0.0;0.0;0.0;0.0;0.0;0.0;0;0.0003558718861209964
service broker;0.0;0.0;0.0;0.0035587188612099642;0.0;0.0;0.0;0.0;0.0;0.0;0;0.0003558718861209964
service discovery;0.0;0.0;0.0;0.0035587188612099642;0.0;0.0;0.0;0.0;0.0;0.0;0;0.0003558718861209964
session management;0.0;0.0;0.0;0.0035587188612099642;0.0;0.0;0.0;0.0;0.0;0.0;0;0.0003558718861209964
set retail;0.0;0.0;0.0;0.0035587188612099642;0.0;0.0;0.0;0.0;0.0;0.0;0;0.0003558718861209964
shadergraph;0.0;0.0;0.0;0.0035587188612099642;0.0;0.0;0.0;0.0;0.0;0.0;0;0.0003558718861209964
sharepoint framework;0.0;0.0;0.0;0.0035587188612099642;0.0;0.0;0.0;0.0;0.0;0.0;0;0.0003558718861209964
sharpdevelop;0.0;0.0;0.0;0.0035587188612099642;0.0;0.0;0.0;0.0;0.0;0.0;0;0.0003558718861209964
signal-r;0.0;0.0;0.0;0.0035587188612099642;0.0;0.0;0.0;0.0;0.0;0.0;0;0.0003558718861209964
smtp;0.0;0.0;0.0;0.0035587188612099642;0.0;0.0;0.0;0.0;0.0;0.0;0;0.0003558718861209964
socket.io v4 plus;0.0;0.0;0.0;0.0035587188612099642;0.0;0.0;0.0;0.0;0.0;0.0;0;0.0003558718861209964
sockets;0.0;0.0;0.0;0.0035587188612099642;0.0;0.0;0.0;0.0;0.0;0.0;0;0.0003558718861209964
software architecture;0.0;0.0;0.0;0.0035587188612099642;0.0;0.0;0.0;0.0;0.0;0.0;0;0.0003558718861209964
spfx;0.0;0.0;0.0;0.0035587188612099642;0.0;0.0;0.0;0.0;0.0;0.0;0;0.0003558718861209964
spine;0.0;0.0;0.0;0.0035587188612099642;0.0;0.0;0.0;0.0;0.0;0.0;0;0.0003558718861209964
splunk;0.0;0.0;0.0;0.0035587188612099642;0.0;0.0;0.0;0.0;0.0;0.0;0;0.0003558718861209964
spring framework (boot;0.0;0.0;0.0;0.0035587188612099642;0.0;0.0;0.0;0.0;0.0;0.0;0;0.0003558718861209964
sprite atlas;0.0;0.0;0.0;0.0035587188612099642;0.0;0.0;0.0;0.0;0.0;0.0;0;0.0003558718861209964
sql (postgres + oracle);0.0;0.0;0.0;0.0035587188612099642;0.0;0.0;0.0;0.0;0.0;0.0;0;0.0003558718861209964
sql optimization;0.0;0.0;0.0;0.0035587188612099642;0.0;0.0;0.0;0.0;0.0;0.0;0;0.0003558718861209964
sql server analysis services;0.0;0.0;0.0;0.0035587188612099642;0.0;0.0;0.0;0.0;0.0;0.0;0;0.0003558718861209964
sql server management studio;0.0;0.0;0.0;0.0035587188612099642;0.0;0.0;0.0;0.0;0.0;0.0;0;0.0003558718861209964
sqlite + sqlcipher;0.0;0.0;0.0;0.0035587188612099642;0.0;0.0;0.0;0.0;0.0;0.0;0;0.0003558718861209964
srp;0.0;0.0;0.0;0.0035587188612099642;0.0;0.0;0.0;0.0;0.0;0.0;0;0.0003558718861209964
ssas;0.0;0.0;0.0;0.0035587188612099642;0.0;0.0;0.0;0.0;0.0;0.0;0;0.0003558718861209964
ssis;0.0;0.0;0.0;0.0035587188612099642;0.0;0.0;0.0;0.0;0.0;0.0;0;0.0003558718861209964
ssl-сертификаты;0.0;0.0;0.0;0.0035587188612099642;0.0;0.0;0.0;0.0;0.0;0.0;0;0.0003558718861209964
ssrs;0.0;0.0;0.0;0.0035587188612099642;0.0;0.0;0.0;0.0;0.0;0.0;0;0.0003558718861209964
stackexchange.redis;0.0;0.0;0.0;0.0035587188612099642;0.0;0.0;0.0;0.0;0.0;0.0;0;0.0003558718861209964
steamvr;0.0;0.0;0.0;0.0035587188612099642;0.0;0.0;0.0;0.0;0.0;0.0;0;0.0003558718861209964
tableau;0.0;0.0;0.0;0.0035587188612099642;0.0;0.0;0.0;0.0;0.0;0.0;0;0.0003558718861209964
tailwind css;0.0;0.0;0.0;0.0035587188612099642;0.0;0.0;0.0;0.0;0.0;0.0;0;0.0003558718861209964
tailwindcss;0.0;0.0;0.0;0.0035587188612099642;0.0;0.0;0.0;0.0;0.0;0.0;0;0.0003558718861209964
tarantool;0.0;0.0;0.0;0.0035587188612099642;0.0;0.0;0.0;0.0;0.0;0.0;0;0.0003558718861209964
telegram mini apps sdk;0.0;0.0;0.0;0.0035587188612099642;0.0;0.0;0.0;0.0;0.0;0.0;0;0.0003558718861209964
telerik kendo ui;0.0;0.0;0.0;0.0035587188612099642;0.0;0.0;0.0;0.0;0.0;0.0;0;0.0003558718861209964
test-driven development;0.0;0.0;0.0;0.0035587188612099642;0.0;0.0;0.0;0.0;0.0;0.0;0;0.0003558718861209964
tfos;0.0;0.0;0.0;0.0035587188612099642;0.0;0.0;0.0;0.0;0.0;0.0;0;0.0003558718861209964
thread safety;0.0;0.0;0.0;0.0035587188612099642;0.0;0.0;0.0;0.0;0.0;0.0;0;0.0003558718861209964
ticm;0.0;0.0;0.0;0.0035587188612099642;0.0;0.0;0.0;0.0;0.0;0.0;0;0.0003558718861209964
trace&track;0.0;0.0;0.0;0.0035587188612099642;0.0;0.0;0.0;0.0;0.0;0.0;0;0.0003558718861209964
tracing;0.0;0.0;0.0;0.0035587188612099642;0.0;0.0;0.0;0.0;0.0;0.0;0;0.0003558718861209964
trading;0.0;0.0;0.0;0.0035587188612099642;0.0;0.0;0.0;0.0;0.0;0.0;0;0.0003558718861209964
traefik;0.0;0.0;0.0;0.0035587188612099642;0.0;0.0;0.0;0.0;0.0;0.0;0;0.0003558718861209964
transact-sql;0.0;0.0;0.0;0.0035587188612099642;0.0;0.0;0.0;0.0;0.0;0.0;0;0.0003558718861209964
trello;0.0;0.0;0.0;0.0035587188612099642;0.0;0.0;0.0;0.0;0.0;0.0;0;0.0003558718861209964
trino;0.0;0.0;0.0;0.0035587188612099642;0.0;0.0;0.0;0.0;0.0;0.0;0;0.0003558718861209964
ugui;0.0;0.0;0.0;0.0035587188612099642;0.0;0.0;0.0;0.0;0.0;0.0;0;0.0003558718861209964
ui/ux;0.0;0.0;0.0;0.0035587188612099642;0.0;0.0;0.0;0.0;0.0;0.0;0;0.0003558718861209964
uipath;0.0;0.0;0.0;0.0035587188612099642;0.0;0.0;0.0;0.0;0.0;0.0;0;0.0003558718861209964
unit-testing;0.0;0.0;0.0;0.0035587188612099642;0.0;0.0;0.0;0.0;0.0;0.0;0;0.0003558718861209964
unity tech artist;0.0;0.0;0.0;0.0035587188612099642;0.0;0.0;0.0;0.0;0.0;0.0;0;0.0003558718861209964
vb script;0.0;0.0;0.0;0.0035587188612099642;0.0;0.0;0.0;0.0;0.0;0.0;0;0.0003558718861209964
vb.net;0.0;0.0;0.0;0.0035587188612099642;0.0;0.0;0.0;0.0;0.0;0.0;0;0.0003558718861209964
vcontainer;0.0;0.0;0.0;0.0035587188612099642;0.0;0.0;0.0;0.0;0.0;0.0;0;0.0003558718861209964
veracode;0.0;0.0;0.0;0.0035587188612099642;0.0;0.0;0.0;0.0;0.0;0.0;0;0.0003558718861209964
victoriametrics;0.0;0.0;0.0;0.0035587188612099642;0.0;0.0;0.0;0.0;0.0;0.0;0;0.0003558718861209964
vmware esxi;0.0;0.0;0.0;0.0035587188612099642;0.0;0.0;0.0;0.0;0.0;0.0;0;0.0003558718861209964
vue 2;0.0;0.0;0.0;0.0035587188612099642;0.0;0.0;0.0;0.0;0.0;0.0;0;0.0003558718861209964
vue 3;0.0;0.0;0.0;0.0035587188612099642;0.0;0.0;0.0;0.0;0.0;0.0;0;0.0003558718861209964
vuejs;0.0;0.0;0.0;0.0035587188612099642;0.0;0.0;0.0;0.0;0.0;0.0;0;0.0003558718861209964
vuex.js;0.0;0.0;0.0;0.0035587188612099642;0.0;0.0;0.0;0.0;0.0;0.0;0;0.0003558718861209964
vulnerability analysis;0.0;0.0;0.0;0.0035587188612099642;0.0;0.0;0.0;0.0;0.0;0.0;0;0.0003558718861209964
vulnerability management;0.0;0.0;0.0;0.0035587188612099642;0.0;0.0;0.0;0.0;0.0;0.0;0;0.0003558718861209964
web applications security;0.0;0.0;0.0;0.0035587188612099642;0.0;0.0;0.0;0.0;0.0;0.0;0;0.0003558718861209964
web pentest;0.0;0.0;0.0;0.0035587188612099642;0.0;0.0;0.0;0.0;0.0;0.0;0;0.0003558718861209964
web приложения;0.0;0.0;0.0;0.0035587188612099642;0.0;0.0;0.0;0.0;0.0;0.0;0;0.0003558718861209964
web-servers;0.0;0.0;0.0;0.0035587188612099642;0.0;0.0;0.0;0.0;0.0;0.0;0;0.0003558718861209964
webforms;0.0;0.0;0.0;0.0035587188612099642;0.0;0.0;0.0;0.0;0.0;0.0;0;0.0003558718861209964
windows server;0.0;0.0;0.0;0.0035587188612099642;0.0;0.0;0.0;0.0;0.0;0.0;0;0.0003558718861209964
wix;0.0;0.0;0.0;0.0035587188612099642;0.0;0.0;0.0;0.0;0.0;0.0;0;0.0003558718861209964
writing sql queries;0.0;0.0;0.0;0.0035587188612099642;0.0;0.0;0.0;0.0;0.0;0.0;0;0.0003558718861209964
wsl;0.0;0.0;0.0;0.0035587188612099642;0.0;0.0;0.0;0.0;0.0;0.0;0;0.0003558718861209964
xpf;0.0;0.0;0.0;0.0035587188612099642;0.0;0.0;0.0;0.0;0.0;0.0;0;0.0003558718861209964
xsd;0.0;0.0;0.0;0.0035587188612099642;0.0;0.0;0.0;0.0;0.0;0.0;0;0.0003558718861209964
yacloud;0.0;0.0;0.0;0.0035587188612099642;0.0;0.0;0.0;0.0;0.0;0.0;0;0.0003558718861209964
yandex;0.0;0.0;0.0;0.0035587188612099642;0.0;0.0;0.0;0.0;0.0;0.0;0;0.0003558718861209964
youtrack;0.0;0.0;0.0;0.0035587188612099642;0.0;0.0;0.0;0.0;0.0;0.0;0;0.0003558718861209964
zenject/extenject/vcontainer;0.0;0.0;0.0;0.0035587188612099642;0.0;0.0;0.0;0.0;0.0;0.0;0;0.0003558718861209964
zero trust;0.0;0.0;0.0;0.0035587188612099642;0.0;0.0;0.0;0.0;0.0;0.0;0;0.0003558718861209964
автоматизация бизнес-процессов;0.0;0.0;0.0;0.0035587188612099642;0.0;0.0;0.0;0.0;0.0;0.0;0;0.0003558718861209964
администратор сервера windows;0.0;0.0;0.0;0.0035587188612099642;0.0;0.0;0.0;0.0;0.0;0.0;0;0.0003558718861209964
архитектуры;0.0;0.0;0.0;0.0035587188612099642;0.0;0.0;0.0;0.0;0.0;0.0;0;0.0003558718861209964
архитектуры информационных систем;0.0;0.0;0.0;0.0035587188612099642;0.0;0.0;0.0;0.0;0.0;0.0;0;0.0003558718861209964
асинхронный код;0.0;0.0;0.0;0.0035587188612099642;0.0;0.0;0.0;0.0;0.0;0.0;0;0.0003558718861209964
бд mongodb;0.0;0.0;0.0;0.0035587188612099642;0.0;0.0;0.0;0.0;0.0;0.0;0;0.0003558718861209964
веб-разработка;0.0;0.0;0.0;0.0035587188612099642;0.0;0.0;0.0;0.0;0.0;0.0;0;0.0003558718861209964
векторная алгебра;0.0;0.0;0.0;0.0035587188612099642;0.0;0.0;0.0;0.0;0.0;0.0;0;0.0003558718861209964
вертикальное масштабирование;0.0;0.0;0.0;0.0035587188612099642;0.0;0.0;0.0;0.0;0.0;0.0;0;0.0003558718861209964
внешние api;0.0;0.0;0.0;0.0035587188612099642;0.0;0.0;0.0;0.0;0.0;0.0;0;0.0003558718861209964
высоконагруженные системы;0.0;0.0;0.0;0.0035587188612099642;0.0;0.0;0.0;0.0;0.0;0.0;0;0.0003558718861209964
горизонтальное масштабирование;0.0;0.0;0.0;0.0035587188612099642;0.0;0.0;0.0;0.0;0.0;0.0;0;0.0003558718861209964
гост r 21.1101-2020;0.0;0.0;0.0;0.0035587188612099642;0.0;0.0;0.0;0.0;0.0;0.0;0;0.0003558718861209964
графика;0.0;0.0;0.0;0.0035587188612099642;0.0;0.0;0.0;0.0;0.0;0.0;0;0.0003558718861209964
дискретная математика;0.0;0.0;0.0;0.0035587188612099642;0.0;0.0;0.0;0.0;0.0;0.0;0;0.0003558718861209964
инженерное по;0.0;0.0;0.0;0.0035587188612099642;0.0;0.0;0.0;0.0;0.0;0.0;0;0.0003558718861209964
инструменты bdd;0.0;0.0;0.0;0.0035587188612099642;0.0;0.0;0.0;0.0;0.0;0.0;0;0.0003558718861209964
клиент-серверная система;0.0;0.0;0.0;0.0035587188612099642;0.0;0.0;0.0;0.0;0.0;0.0;0;0.0003558718861209964
компьютерные сети;0.0;0.0;0.0;0.0035587188612099642;0.0;0.0;0.0;0.0;0.0;0.0;0;0.0003558718861209964
космическое фэнтези;0.0;0.0;0.0;0.0035587188612099642;0.0;0.0;0.0;0.0;0.0;0.0;0;0.0003558718861209964
кроссплатформенные desktop-приложения;0.0;0.0;0.0;0.0035587188612099642;0.0;0.0;0.0;0.0;0.0;0.0;0;0.0003558718861209964
кроссплатформенные приложения;0.0;0.0;0.0;0.0035587188612099642;0.0;0.0;0.0;0.0;0.0;0.0;0;0.0003558718861209964
маркетинговые структуры;0.0;0.0;0.0;0.0035587188612099642;0.0;0.0;0.0;0.0;0.0;0.0;0;0.0003558718861209964
методологии тестирования;0.0;0.0;0.0;0.0035587188612099642;0.0;0.0;0.0;0.0;0.0;0.0;0;0.0003558718861209964
модели машинного обучения;0.0;0.0;0.0;0.0035587188612099642;0.0;0.0;0.0;0.0;0.0;0.0;0;0.0003558718861209964
москва;0.0;0.0;0.0;0.0035587188612099642;0.0;0.0;0.0;0.0;0.0;0.0;0;0.0003558718861209964
наукоемкое программирование;0.0;0.0;0.0;0.0035587188612099642;0.0;0.0;0.0;0.0;0.0;0.0;0;0.0003558718861209964
начальное программирование;0.0;0.0;0.0;0.0035587188612099642;0.0;0.0;0.0;0.0;0.0;0.0;0;0.0003558718861209964
обучение it-технологиям;0.0;0.0;0.0;0.0035587188612099642;0.0;0.0;0.0;0.0;0.0;0.0;0;0.0003558718861209964
операционные системы;0.0;0.0;0.0;0.0035587188612099642;0.0;0.0;0.0;0.0;0.0;0.0;0;0.0003558718861209964
память);0.0;0.0;0.0;0.0035587188612099642;0.0;0.0;0.0;0.0;0.0;0.0;0;0.0003558718861209964
поддержка программного обеспечения;0.0;0.0;0.0;0.0035587188612099642;0.0;0.0;0.0;0.0;0.0;0.0;0;0.0003558718861209964
полнотекстовый поиск;0.0;0.0;0.0;0.0035587188612099642;0.0;0.0;0.0;0.0;0.0;0.0;0;0.0003558718861209964
принципы solid;0.0;0.0;0.0;0.0035587188612099642;0.0;0.0;0.0;0.0;0.0;0.0;0;0.0003558718861209964
проектирование архитектуры;0.0;0.0;0.0;0.0035587188612099642;0.0;0.0;0.0;0.0;0.0;0.0;0;0.0003558718861209964
промпты;0.0;0.0;0.0;0.0035587188612099642;0.0;0.0;0.0;0.0;0.0;0.0;0;0.0003558718861209964
промышленное программирование python;0.0;0.0;0.0;0.0035587188612099642;0.0;0.0;0.0;0.0;0.0;0.0;0;0.0003558718861209964
разработка облачных приложений;0.0;0.0;0.0;0.0035587188612099642;0.0;0.0;0.0;0.0;0.0;0.0;0;0.0003558718861209964
расширение и разработка нативных приложений sap cloud;0.0;0.0;0.0;0.0035587188612099642;0.0;0.0;0.0;0.0;0.0;0.0;0;0.0003558718861209964
сети;0.0;0.0;0.0;0.0035587188612099642;0.0;0.0;0.0;0.0;0.0;0.0;0;0.0003558718861209964
систематизация проекта;0.0;0.0;0.0;0.0035587188612099642;0.0;0.0;0.0;0.0;0.0;0.0;0;0.0003558718861209964
системы управления проектами и отслеживания задач;0.0;0.0;0.0;0.0035587188612099642;0.0;0.0;0.0;0.0;0.0;0.0;0;0.0003558718861209964
субд;0.0;0.0;0.0;0.0035587188612099642;0.0;0.0;0.0;0.0;0.0;0.0;0;0.0003558718861209964
техническое лидерство;0.0;0.0;0.0;0.0035587188612099642;0.0;0.0;0.0;0.0;0.0;0.0;0;0.0003558718861209964
техническое проектирование;0.0;0.0;0.0;0.0035587188612099642;0.0;0.0;0.0;0.0;0.0;0.0;0;0.0003558718861209964
фз-152;0.0;0.0;0.0;0.0035587188612099642;0.0;0.0;0.0;0.0;0.0;0.0;0;0.0003558718861209964
финализация;0.0;0.0;0.0;0.0035587188612099642;0.0;0.0;0.0;0.0;0.0;0.0;0;0.0003558718861209964
цифровое строительство;0.0;0.0;0.0;0.0035587188612099642;0.0;0.0;0.0;0.0;0.0;0.0;0;0.0003558718861209964
цифровой двойник;0.0;0.0;0.0;0.0035587188612099642;0.0;0.0;0.0;0.0;0.0;0.0;0;0.0003558718861209964
шардирование данных;0.0;0.0;0.0;0.0035587188612099642;0.0;0.0;0.0;0.0;0.0;0.0;0;0.0003558718861209964
электронные словари;0.0;0.0;0.0;0.0035587188612099642;0.0;0.0;0.0;0.0;0.0;0.0;0;0.0003558718861209964
яндекс.трекер;0.0;0.0;0.0;0.0035587188612099642;0.0;0.0;0.0;0.0;0.0;0.0;0;0.0003558718861209964
microservices;0.625;0.4222222222222222;0.41304347826086957;0.608540925266904;0.8064516129032258;0.746031746031746;0.6756756756756757;0.6666666666666666;0.5;1.0;1;0.646363232702731
highload;0.625;0.35555555555555557;0.30434782608695654;0.5516014234875445;0.8064516129032258;0.6825396825396826;0.6216216216216216;0.5;0.5;1.0;1;0.5947117722194587
ddd;0.25;0.13333333333333333;0.13043478260869565;0.3167259786476868;0.45161290322580644;0.4444444444444444;0.43243243243243246;0.0;0.5;1.0;1;0.3658983874692399
.net;0.625;0.2;0.2826086956521739;0.3238434163701068;0.4838709677419355;0.3333333333333333;0.32432432432432434;0.0;0.5;0.5;1;0.3572980737421874
solid;0.25;0.13333333333333333;0.2826086956521739;0.35587188612099646;0.5806451612903226;0.5238095238095238;0.43243243243243246;0.0;0.5;0.5;1;0.35587010326387825
postgresql;0.25;0.13333333333333333;0.2391304347826087;0.4306049822064057;0.45161290322580644;0.48412698412698413;0.4864864864864865;0.0;0.5;0.5;1;0.3475295124161625
.net core;0.375;0.13333333333333333;0.13043478260869565;0.2313167259786477;0.1935483870967742;0.19047619047619047;0.2972972972972973;0.3333333333333333;0.5;0.0;2;0.23847400501242716
docker;0.125;0.044444444444444446;0.10869565217391304;0.25622775800711745;0.3225806451612903;0.2857142857142857;0.21621621621621623;0.3333333333333333;0.0;0.5;2;0.21922123350506
ms sql;0.125;0.06666666666666667;0.1956521739130435;0.099644128113879;0.06451612903225806;0.1349206349206349;0.13513513513513514;0.3333333333333333;0.5;0.5;2;0.21548682011149506
kafka;0.0;0.022222222222222223;0.06521739130434782;0.1494661921708185;0.45161290322580644;0.19047619047619047;0.08108108108108109;0.0;0.75;0.0;2;0.17100759804804666
redis;0.0;0.06666666666666667;0.06521739130434782;0.1423487544483986;0.0967741935483871;0.18253968253968253;0.05405405405405406;0.0;0.5;0.5;2;0.16076007425615368
rabbitmq;0.0;0.06666666666666667;0.10869565217391304;0.1423487544483986;0.2903225806451613;0.21428571428571427;0.13513513513513514;0.0;0.0;0.5;2;0.1457454503354989
react;0.0;0.06666666666666667;0.043478260869565216;0.07473309608540925;0.03225806451612903;0.0873015873015873;0.02702702702702703;0.3333333333333333;0.0;0.5;2;0.11647980357997179
kubernetes;0.0;0.022222222222222223;0.043478260869565216;0.12811387900355872;0.12903225806451613;0.16666666666666666;0.13513513513513514;0.0;0.0;0.5;2;0.11246484219616641
python;0.125;0.022222222222222223;0.10869565217391304;0.1387900355871886;0.0;0.0873015873015873;0.02702702702702703;0.3333333333333333;0.25;0.0;2;0.10923698576452714
git;0.125;0.2222222222222222;0.13043478260869565;0.1708185053380783;0.12903225806451613;0.15079365079365079;0.16216216216216217;0.0;0.0;0.0;2;0.10904635811893253
typescript;0.0;0.08888888888888889;0.08695652173913043;0.09608540925266904;0.0967741935483871;0.06349206349206349;0.02702702702702703;0.5;0.0;0.0;2;0.0959224103948166
javascript;0.25;0.2222222222222222;0.08695652173913043;0.12099644128113879;0.0;0.12698412698412698;0.08108108108108109;0.0;0.0;0.0;2;0.08882403933076996
gitlab;0.0;0.022222222222222223;0.043478260869565216;0.05693950177935943;0.1935483870967742;0.05555555555555555;0.0;0.0;0.0;0.5;2;0.08717439275234766
.net framework;0.0;0.15555555555555556;0.021739130434782608;0.08540925266903915;0.0967741935483871;0.007936507936507936;0.0;0.0;0.5;0.0;2;0.08674146401442723
sql;0.25;0.06666666666666667;0.10869565217391304;0.12811387900355872;0.06451612903225806;0.1111111111111111;0.08108108108108109;0.0;0.0;0.0;2;0.08101845190685888
java;0.125;0.044444444444444446;0.1956521739130435;0.09252669039145907;0.0;0.07142857142857142;0.02702702702702703;0.0;0.25;0.0;2;0.08060789072045456
jenkins;0.0;0.0;0.08695652173913043;0.03914590747330961;0.0;0.031746031746031744;0.08108108108108109;0.0;0.0;0.5;2;0.07389295420395528
unity;0.0;0.2;0.17391304347826086;0.046263345195729534;0.0967741935483871;0.07936507936507936;0.10810810810810811;0.0;0.0;0.0;2;0.0704423769695565
ms sql server;0.25;0.06666666666666667;0.0;0.07473309608540925;0.0967741935483871;0.015873015873015872;0.0;0.16666666666666666;0.0;0.0;2;0.06707136388401455
linq;0.5;0.13333333333333333;0.0;0.021352313167259787;0.0;0.015873015873015872;0.0;0.0;0.0;0.0;2;0.0670558662373609
c++;0.0;0.06666666666666667;0.06521739130434782;0.0498220640569395;0.03225806451612903;0.03968253968253968;0.0;0.16666666666666666;0.25;0.0;2;0.06703133928932895
asp.net core;0.0;0.044444444444444446;0.021739130434782608;0.06405693950177936;0.06451612903225806;0.09523809523809523;0.13513513513513514;0.16666666666666666;0.0;0.0;2;0.05917965404531615
wpf;0.25;0.13333333333333333;0.06521739130434782;0.0498220640569395;0.0;0.047619047619047616;0.02702702702702703;0.0;0.0;0.0;2;0.05730188633406952
t-sql;0.375;0.06666666666666667;0.0;0.03202846975088968;0.06451612903225806;0.007936507936507936;0.0;0.0;0.0;0.0;2;0.05461477733863222
entity framework core;0.125;0.044444444444444446;0.021739130434782608;0.05693950177935943;0.03225806451612903;0.031746031746031744;0.05405405405405406;0.16666666666666666;0.0;0.0;2;0.05328478936414679
entity framework;0.25;0.044444444444444446;0.043478260869565216;0.08185053380782918;0.03225806451612903;0.047619047619047616;0.02702702702702703;0.0;0.0;0.0;2;0.05266773782840426
postgres;0.0;0.0;0.021739130434782608;0.021352313167259787;0.06451612903225806;0.023809523809523808;0.05405405405405406;0.3333333333333333;0.0;0.0;2;0.051880448383121155
web api;0.25;0.06666666666666667;0.0;0.021352313167259787;0.0;0.007936507936507936;0.0;0.16666666666666666;0.0;0.0;2;0.0512622154437101
ef core;0.0;0.022222222222222223;0.043478260869565216;0.03202846975088968;0.06451612903225806;0.0873015873015873;0.08108108108108109;0.16666666666666666;0.0;0.0;2;0.049729441692427025
angular;0.0;0.044444444444444446;0.043478260869565216;0.042704626334519574;0.03225806451612903;0.03968253968253968;0.10810810810810811;0.16666666666666666;0.0;0.0;2;0.04773427106219728
css;0.25;0.13333333333333333;0.021739130434782608;0.03914590747330961;0.0;0.007936507936507936;0.0;0.0;0.0;0.0;2;0.04521548791779334
html;0.25;0.13333333333333333;0.021739130434782608;0.03914590747330961;0.0;0.007936507936507936;0.0;0.0;0.0;0.0;2;0.04521548791779334
vue.js;0.25;0.08888888888888889;0.0;0.042704626334519574;0.03225806451612903;0.0;0.0;0.0;0.0;0.0;2;0.04138515797395374
